{
    "http://fasb.org/us-types/2020-01-31": [
        {
            "localName": "restrictedInvestmentItemType",
            "type": "Type",
            "label": "restrictedInvestmentItemType"
        },
        {
            "localName": "includedExcludedItemType",
            "type": "Type",
            "label": "includedExcludedItemType"
        },
        {
            "localName": "forfeitureMethod",
            "type": "Type",
            "label": "forfeitureMethod"
        },
        {
            "localName": "nineDigitItemType",
            "type": "Type",
            "label": "nineDigitItemType"
        },
        {
            "localName": "financialDesignationType",
            "type": "Type",
            "label": "financialDesignationType"
        },
        {
            "localName": "zoneStatusItemType",
            "type": "Type",
            "label": "zoneStatusItemType"
        },
        {
            "localName": "interestRateItemType",
            "type": "Type",
            "label": "interestRateItemType"
        },
        {
            "localName": "surchargeMethodGSIB",
            "type": "Type",
            "label": "surchargeMethodGSIB"
        },
        {
            "localName": "fundingImprovementAndRehabilitationPlanItemType",
            "type": "Type",
            "label": "fundingImprovementAndRehabilitationPlanItemType"
        },
        {
            "localName": "surchargeItemType",
            "type": "Type",
            "label": "surchargeItemType"
        },
        {
            "localName": "contractApplicationItemType",
            "type": "Type",
            "label": "contractApplicationItemType"
        },
        {
            "localName": "accruedInterestWriteOffMethodItemType",
            "type": "Type",
            "label": "accruedInterestWriteOffMethodItemType"
        },
        {
            "localName": "investmentPledgedItemType",
            "type": "Type",
            "label": "investmentPledgedItemType"
        },
        {
            "localName": "giltiPolicyType",
            "type": "Type",
            "label": "giltiPolicyType"
        },
        {
            "localName": "flowItemType",
            "type": "Type",
            "label": "flowItemType"
        },
        {
            "localName": "investmentOnLoanForShortSalesItemType",
            "type": "Type",
            "label": "investmentOnLoanForShortSalesItemType"
        },
        {
            "localName": "threeDigitItemType",
            "type": "Type",
            "label": "threeDigitItemType"
        },
        {
            "localName": "MalpracticeInsurance-OccurrenceOrClaims-madeItemType",
            "type": "Type",
            "label": "MalpracticeInsurance-OccurrenceOrClaims-madeItemType"
        },
        {
            "localName": "advertisingExpenseMethodItemType",
            "type": "Type",
            "label": "advertisingExpenseMethodItemType"
        },
        {
            "localName": "combinedComponentType",
            "type": "Type",
            "label": "combinedComponentType"
        },
        {
            "localName": "durationStringItemType",
            "type": "Type",
            "label": "durationStringItemType"
        },
        {
            "localName": "fundedStatusItemType",
            "type": "Type",
            "label": "fundedStatusItemType"
        },
        {
            "localName": "gYearListItemType",
            "type": "Type",
            "label": "gYearListItemType"
        },
        {
            "localName": "distributionsReceivedApproach",
            "type": "Type",
            "label": "distributionsReceivedApproach"
        },
        {
            "localName": "authorizedUnlimitedItemType",
            "type": "Type",
            "label": "authorizedUnlimitedItemType"
        },
        {
            "localName": "capitalizationPolicyType",
            "type": "Type",
            "label": "capitalizationPolicyType"
        },
        {
            "localName": "transitionOptionType",
            "type": "Type",
            "label": "transitionOptionType"
        },
        {
            "localName": "yesNoItemType",
            "type": "Type",
            "label": "yesNoItemType"
        }
    ]
}