{
    "http://xbrl.sec.gov/dei/2019-01-31": [
        {
            "isAbstract": "true",
            "label": "dei:NameChangeEventTable",
            "periodType": "duration",
            "localName": "NameChangeEventTable",
            "type": "Concept",
            "dataType": "xbrli:stringItemType"
        },
        {
            "isAbstract": "false",
            "label": "dei:DocumentCreationDate",
            "periodType": "duration",
            "localName": "DocumentCreationDate",
            "type": "Concept",
            "dataType": "xbrli:dateItemType"
        },
        {
            "isAbstract": "false",
            "label": "Entity Ex Transition Period",
            "periodType": "duration",
            "localName": "EntityExTransitionPeriod",
            "type": "Concept",
            "dataType": "xbrli:booleanItemType"
        },
        {
            "isAbstract": "false",
            "label": "Entity Shell Company",
            "periodType": "duration",
            "localName": "EntityShellCompany",
            "type": "Concept",
            "dataType": "xbrli:booleanItemType"
        },
        {
            "isAbstract": "false",
            "label": "dei:LegalEntityIdentifier",
            "periodType": "duration",
            "localName": "LegalEntityIdentifier",
            "type": "Concept",
            "dataType": "dei:legalEntityIdentifierItemType"
        },
        {
            "isAbstract": "false",
            "label": "dei:EntityInformationFormerLegalOrRegisteredName",
            "periodType": "duration",
            "localName": "EntityInformationFormerLegalOrRegisteredName",
            "type": "Concept",
            "dataType": "xbrli:normalizedStringItemType"
        },
        {
            "isAbstract": "false",
            "label": "dei:DocumentName",
            "periodType": "duration",
            "localName": "DocumentName",
            "type": "Concept",
            "dataType": "xbrli:normalizedStringItemType"
        },
        {
            "isAbstract": "true",
            "label": "dei:EntityContactPersonnelTable",
            "periodType": "duration",
            "localName": "EntityContactPersonnelTable",
            "type": "Concept",
            "dataType": "xbrli:stringItemType"
        },
        {
            "isAbstract": "false",
            "label": "dei:EntityListingSecurityTradingCurrency",
            "periodType": "duration",
            "localName": "EntityListingSecurityTradingCurrency",
            "type": "Concept",
            "dataType": "xbrli:stringItemType"
        },
        {
            "isAbstract": "false",
            "label": "dei:AnnualInformationForm",
            "periodType": "duration",
            "localName": "AnnualInformationForm",
            "type": "Concept",
            "dataType": "xbrli:booleanItemType"
        },
        {
            "isAbstract": "false",
            "label": "Entity Voluntary Filers",
            "periodType": "duration",
            "localName": "EntityVoluntaryFilers",
            "type": "Concept",
            "dataType": "dei:yesNoItemType"
        },
        {
            "isAbstract": "false",
            "label": "dei:EntityAddressAddressLine2",
            "periodType": "duration",
            "localName": "EntityAddressAddressLine2",
            "type": "Concept",
            "dataType": "xbrli:normalizedStringItemType"
        },
        {
            "isAbstract": "true",
            "label": "dei:FormerAddressMember",
            "periodType": "duration",
            "localName": "FormerAddressMember",
            "type": "Concept",
            "dataType": "nonnum:domainItemType"
        },
        {
            "isAbstract": "false",
            "label": "dei:ContactPersonnelFaxNumber",
            "periodType": "duration",
            "localName": "ContactPersonnelFaxNumber",
            "type": "Concept",
            "dataType": "xbrli:normalizedStringItemType"
        },
        {
            "isAbstract": "true",
            "label": "dei:InstrumentDomain",
            "periodType": "duration",
            "localName": "InstrumentDomain",
            "type": "Concept",
            "dataType": "nonnum:domainItemType"
        },
        {
            "isAbstract": "false",
            "label": "dei:DocumentDescription",
            "periodType": "duration",
            "localName": "DocumentDescription",
            "type": "Concept",
            "dataType": "xbrli:stringItemType"
        },
        {
            "isAbstract": "true",
            "label": "dei:AccountingPhoneMember",
            "periodType": "duration",
            "localName": "AccountingPhoneMember",
            "type": "Concept",
            "dataType": "nonnum:domainItemType"
        },
        {
            "type": "Type",
            "label": "stateOrProvinceItemType",
            "localName": "stateOrProvinceItemType"
        },
        {
            "type": "Type",
            "label": "otherReportingStandardItemNumberItemType",
            "localName": "otherReportingStandardItemNumberItemType"
        },
        {
            "isAbstract": "false",
            "label": "dei:ApproximateDateOfCommencementOfProposedSaleToThePublic",
            "periodType": "duration",
            "localName": "ApproximateDateOfCommencementOfProposedSaleToThePublic",
            "type": "Concept",
            "dataType": "xbrli:dateItemType"
        },
        {
            "type": "Type",
            "label": "edgarExchangeCodeItemType",
            "localName": "edgarExchangeCodeItemType"
        },
        {
            "type": "Type",
            "label": "sicNumberItemType",
            "localName": "sicNumberItemType"
        },
        {
            "isAbstract": "false",
            "label": "dei:EntityListingDepositoryReceiptRatio",
            "periodType": "instant",
            "localName": "EntityListingDepositoryReceiptRatio",
            "type": "Concept",
            "dataType": "xbrli:pureItemType"
        },
        {
            "isAbstract": "true",
            "label": "dei:AccountingFaxMember",
            "periodType": "duration",
            "localName": "AccountingFaxMember",
            "type": "Concept",
            "dataType": "nonnum:domainItemType"
        },
        {
            "isAbstract": "false",
            "label": "dei:EntityAddressPostalZipCode",
            "periodType": "duration",
            "localName": "EntityAddressPostalZipCode",
            "type": "Concept",
            "dataType": "xbrli:normalizedStringItemType"
        },
        {
            "isAbstract": "false",
            "label": "Entity Filer Category",
            "periodType": "duration",
            "localName": "EntityFilerCategory",
            "type": "Concept",
            "dataType": "dei:filerCategoryItemType"
        },
        {
            "isAbstract": "true",
            "label": "dei:LegalContactMember",
            "periodType": "duration",
            "localName": "LegalContactMember",
            "type": "Concept",
            "dataType": "nonnum:domainItemType"
        },
        {
            "isAbstract": "true",
            "label": "dei:EntityAddressesTable",
            "periodType": "duration",
            "localName": "EntityAddressesTable",
            "type": "Concept",
            "dataType": "xbrli:stringItemType"
        },
        {
            "type": "Type",
            "label": "securityReportingObligationItemType",
            "localName": "securityReportingObligationItemType"
        },
        {
            "isAbstract": "false",
            "label": "dei:DocumentSynopsis",
            "periodType": "duration",
            "localName": "DocumentSynopsis",
            "type": "Concept",
            "dataType": "xbrli:normalizedStringItemType"
        },
        {
            "isAbstract": "false",
            "label": "dei:WrittenCommunications",
            "periodType": "duration",
            "localName": "WrittenCommunications",
            "type": "Concept",
            "dataType": "xbrli:booleanItemType"
        },
        {
            "isAbstract": "false",
            "label": "dei:Extension",
            "periodType": "duration",
            "localName": "Extension",
            "type": "Concept",
            "dataType": "xbrli:normalizedStringItemType"
        },
        {
            "isAbstract": "false",
            "label": "dei:SecurityExchangeName",
            "periodType": "duration",
            "localName": "SecurityExchangeName",
            "type": "Concept",
            "dataType": "dei:edgarExchangeCodeItemType"
        },
        {
            "isAbstract": "true",
            "label": "dei:EntityPhoneFaxNumbersPhoneFaxNumberTypeAxis",
            "periodType": "duration",
            "localName": "EntityPhoneFaxNumbersPhoneFaxNumberTypeAxis",
            "type": "Concept",
            "dataType": "xbrli:stringItemType"
        },
        {
            "isAbstract": "true",
            "label": "dei:NAICSDomain",
            "periodType": "duration",
            "localName": "NAICSDomain",
            "type": "Concept",
            "dataType": "nonnum:domainItemType"
        },
        {
            "isAbstract": "false",
            "label": "dei:EntityBankruptcyProceedingsReportingCurrent",
            "periodType": "duration",
            "localName": "EntityBankruptcyProceedingsReportingCurrent",
            "type": "Concept",
            "dataType": "xbrli:booleanItemType"
        },
        {
            "isAbstract": "false",
            "label": "dei:DocumentPeriodStartDate",
            "periodType": "duration",
            "localName": "DocumentPeriodStartDate",
            "type": "Concept",
            "dataType": "xbrli:dateItemType"
        },
        {
            "isAbstract": "true",
            "label": "dei:DocumentInformationLineItems",
            "periodType": "duration",
            "localName": "DocumentInformationLineItems",
            "type": "Concept",
            "dataType": "xbrli:stringItemType"
        },
        {
            "isAbstract": "false",
            "label": "dei:EntityAddressCityOrTown",
            "periodType": "duration",
            "localName": "EntityAddressCityOrTown",
            "type": "Concept",
            "dataType": "xbrli:normalizedStringItemType"
        },
        {
            "isAbstract": "true",
            "label": "dei:EntitiesTable",
            "periodType": "duration",
            "localName": "EntitiesTable",
            "type": "Concept",
            "dataType": "xbrli:stringItemType"
        },
        {
            "isAbstract": "false",
            "label": "dei:DocumentInformationTextBlock",
            "periodType": "duration",
            "localName": "DocumentInformationTextBlock",
            "type": "Concept",
            "dataType": "nonnum:textBlockItemType"
        },
        {
            "isAbstract": "true",
            "label": "dei:EntityAddressesAddressTypeAxis",
            "periodType": "duration",
            "localName": "EntityAddressesAddressTypeAxis",
            "type": "Concept",
            "dataType": "xbrli:stringItemType"
        },
        {
            "isAbstract": "false",
            "label": "dei:EntityHomeCountryISOCode",
            "periodType": "duration",
            "localName": "EntityHomeCountryISOCode",
            "type": "Concept",
            "dataType": "dei:countryCodeItemType"
        },
        {
            "isAbstract": "true",
            "label": "dei:EntitySectorIndustryClassificationsTable",
            "periodType": "duration",
            "localName": "EntitySectorIndustryClassificationsTable",
            "type": "Concept",
            "dataType": "xbrli:stringItemType"
        },
        {
            "isAbstract": "true",
            "label": "dei:EntityListingsExchangeAxis",
            "periodType": "duration",
            "localName": "EntityListingsExchangeAxis",
            "type": "Concept",
            "dataType": "xbrli:stringItemType"
        },
        {
            "isAbstract": "true",
            "label": "dei:ExchangeDomain",
            "periodType": "duration",
            "localName": "ExchangeDomain",
            "type": "Concept",
            "dataType": "nonnum:domainItemType"
        },
        {
            "isAbstract": "false",
            "label": "dei:EntityNorthAmericanIndustryClassificationPrimary",
            "periodType": "duration",
            "localName": "EntityNorthAmericanIndustryClassificationPrimary",
            "type": "Concept",
            "dataType": "dei:yesNoItemType"
        },
        {
            "isAbstract": "true",
            "label": "dei:EntitySectorIndustryClassificationsSectorAxis",
            "periodType": "duration",
            "localName": "EntitySectorIndustryClassificationsSectorAxis",
            "type": "Concept",
            "dataType": "xbrli:stringItemType"
        },
        {
            "isAbstract": "false",
            "label": "dei:EntityReportingCurrencyISOCode",
            "periodType": "duration",
            "localName": "EntityReportingCurrencyISOCode",
            "type": "Concept",
            "dataType": "dei:currencyItemType"
        },
        {
            "isAbstract": "true",
            "label": "dei:SectorDomain",
            "periodType": "duration",
            "localName": "SectorDomain",
            "type": "Concept",
            "dataType": "nonnum:domainItemType"
        },
        {
            "isAbstract": "false",
            "label": "Entity Well-known Seasoned Issuer",
            "periodType": "duration",
            "localName": "EntityWellKnownSeasonedIssuer",
            "type": "Concept",
            "dataType": "dei:yesNoItemType"
        },
        {
            "isAbstract": "true",
            "label": "dei:AddressTypeDomain",
            "periodType": "duration",
            "localName": "AddressTypeDomain",
            "type": "Concept",
            "dataType": "nonnum:domainItemType"
        },
        {
            "isAbstract": "false",
            "label": "dei:AmendmentDescription",
            "periodType": "duration",
            "localName": "AmendmentDescription",
            "type": "Concept",
            "dataType": "xbrli:stringItemType"
        },
        {
            "isAbstract": "false",
            "label": "dei:DocumentTitle",
            "periodType": "duration",
            "localName": "DocumentTitle",
            "type": "Concept",
            "dataType": "xbrli:normalizedStringItemType"
        },
        {
            "isAbstract": "false",
            "label": "dei:EntityListingPrimary",
            "periodType": "duration",
            "localName": "EntityListingPrimary",
            "type": "Concept",
            "dataType": "dei:yesNoItemType"
        },
        {
            "isAbstract": "false",
            "label": "dei:EntityInformationDateToChangeFormerLegalOrRegisteredName",
            "periodType": "duration",
            "localName": "EntityInformationDateToChangeFormerLegalOrRegisteredName",
            "type": "Concept",
            "dataType": "xbrli:dateItemType"
        },
        {
            "type": "Type",
            "label": "currencyItemType",
            "localName": "currencyItemType"
        },
        {
            "isAbstract": "true",
            "label": "dei:ContactAddressMember",
            "periodType": "duration",
            "localName": "ContactAddressMember",
            "type": "Concept",
            "dataType": "nonnum:domainItemType"
        },
        {
            "isAbstract": "false",
            "label": "Document Period End Date",
            "periodType": "duration",
            "localName": "DocumentPeriodEndDate",
            "type": "Concept",
            "dataType": "xbrli:dateItemType"
        },
        {
            "type": "Type",
            "label": "securityTitleItemType",
            "localName": "securityTitleItemType"
        },
        {
            "isAbstract": "false",
            "label": "dei:DocumentVersion",
            "periodType": "duration",
            "localName": "DocumentVersion",
            "type": "Concept",
            "dataType": "xbrli:normalizedStringItemType"
        },
        {
            "isAbstract": "false",
            "label": "dei:EntityIncorporationStateCountryCode",
            "periodType": "duration",
            "localName": "EntityIncorporationStateCountryCode",
            "type": "Concept",
            "dataType": "dei:edgarStateCountryItemType"
        },
        {
            "type": "Type",
            "label": "yesNoItemType",
            "localName": "yesNoItemType"
        },
        {
            "isAbstract": "false",
            "label": "dei:EntityIncorporationStateCountryName",
            "periodType": "duration",
            "localName": "EntityIncorporationStateCountryName",
            "type": "Concept",
            "dataType": "xbrli:normalizedStringItemType"
        },
        {
            "isAbstract": "true",
            "label": "dei:MailingAddressMember",
            "periodType": "duration",
            "localName": "MailingAddressMember",
            "type": "Concept",
            "dataType": "nonnum:domainItemType"
        },
        {
            "isAbstract": "true",
            "label": "dei:DeprecatedItemsForDEI",
            "periodType": "duration",
            "localName": "DeprecatedItemsForDEI",
            "type": "Concept",
            "dataType": "xbrli:stringItemType"
        },
        {
            "isAbstract": "true",
            "label": "dei:LegalFaxMember",
            "periodType": "duration",
            "localName": "LegalFaxMember",
            "type": "Concept",
            "dataType": "nonnum:domainItemType"
        },
        {
            "isAbstract": "false",
            "label": "dei:SolicitingMaterial",
            "periodType": "duration",
            "localName": "SolicitingMaterial",
            "type": "Concept",
            "dataType": "xbrli:booleanItemType"
        },
        {
            "isAbstract": "true",
            "label": "dei:DocumentInformationDocumentAxis",
            "periodType": "duration",
            "localName": "DocumentInformationDocumentAxis",
            "type": "Concept",
            "dataType": "xbrli:stringItemType"
        },
        {
            "isAbstract": "false",
            "label": "dei:EntityAccountingStandard",
            "periodType": "duration",
            "localName": "EntityAccountingStandard",
            "type": "Concept",
            "dataType": "xbrli:stringItemType"
        },
        {
            "isAbstract": "true",
            "label": "dei:PrincipalAddressMember",
            "periodType": "duration",
            "localName": "PrincipalAddressMember",
            "type": "Concept",
            "dataType": "nonnum:domainItemType"
        },
        {
            "isAbstract": "true",
            "label": "dei:ContactPersonTypeDomain",
            "periodType": "duration",
            "localName": "ContactPersonTypeDomain",
            "type": "Concept",
            "dataType": "nonnum:domainItemType"
        },
        {
            "isAbstract": "true",
            "label": "dei:EntityNorthAmericanIndustryClassificationsIndustryAxis",
            "periodType": "duration",
            "localName": "EntityNorthAmericanIndustryClassificationsIndustryAxis",
            "type": "Concept",
            "dataType": "xbrli:stringItemType"
        },
        {
            "isAbstract": "false",
            "label": "dei:DocumentSubtitle",
            "periodType": "duration",
            "localName": "DocumentSubtitle",
            "type": "Concept",
            "dataType": "xbrli:normalizedStringItemType"
        },
        {
            "isAbstract": "false",
            "label": "dei:ContainedFileInformationFileNumber",
            "periodType": "duration",
            "localName": "ContainedFileInformationFileNumber",
            "type": "Concept",
            "dataType": "xbrli:normalizedStringItemType"
        },
        {
            "isAbstract": "false",
            "label": "Document Transition Report",
            "periodType": "duration",
            "localName": "DocumentTransitionReport",
            "type": "Concept",
            "dataType": "xbrli:booleanItemType"
        },
        {
            "isAbstract": "false",
            "label": "dei:EntityAddressCountry",
            "periodType": "duration",
            "localName": "EntityAddressCountry",
            "type": "Concept",
            "dataType": "dei:countryCodeItemType"
        },
        {
            "isAbstract": "false",
            "label": "Entity Emerging Growth Company",
            "periodType": "duration",
            "localName": "EntityEmergingGrowthCompany",
            "type": "Concept",
            "dataType": "xbrli:booleanItemType"
        },
        {
            "isAbstract": "false",
            "label": "Entity Current Reporting Status",
            "periodType": "duration",
            "localName": "EntityCurrentReportingStatus",
            "type": "Concept",
            "dataType": "dei:yesNoItemType"
        },
        {
            "isAbstract": "false",
            "label": "dei:NoTradingSymbolFlag",
            "periodType": "duration",
            "localName": "NoTradingSymbolFlag",
            "type": "Concept",
            "dataType": "xbrli:booleanItemType"
        },
        {
            "isAbstract": "true",
            "label": "dei:ContactFaxMember",
            "periodType": "duration",
            "localName": "ContactFaxMember",
            "type": "Concept",
            "dataType": "nonnum:domainItemType"
        },
        {
            "isAbstract": "false",
            "label": "dei:SecurityReportingObligation",
            "periodType": "duration",
            "localName": "SecurityReportingObligation",
            "type": "Concept",
            "dataType": "dei:securityReportingObligationItemType"
        },
        {
            "isAbstract": "false",
            "label": "dei:DocumentShellCompanyEventDate",
            "periodType": "duration",
            "localName": "DocumentShellCompanyEventDate",
            "type": "Concept",
            "dataType": "xbrli:dateItemType"
        },
        {
            "type": "Type",
            "label": "filerCategoryItemType",
            "localName": "filerCategoryItemType"
        },
        {
            "type": "Type",
            "label": "invCompanyType",
            "localName": "invCompanyType"
        },
        {
            "isAbstract": "true",
            "label": "dei:EntityListingsInstrumentAxis",
            "periodType": "duration",
            "localName": "EntityListingsInstrumentAxis",
            "type": "Concept",
            "dataType": "xbrli:stringItemType"
        },
        {
            "isAbstract": "false",
            "label": "Current Fiscal Year End Date",
            "periodType": "duration",
            "localName": "CurrentFiscalYearEndDate",
            "type": "Concept",
            "dataType": "xbrli:gMonthDayItemType"
        },
        {
            "type": "Type",
            "label": "countryCodeItemType",
            "localName": "countryCodeItemType"
        },
        {
            "isAbstract": "false",
            "label": "Entity Common Stock, Shares Outstanding",
            "periodType": "instant",
            "localName": "EntityCommonStockSharesOutstanding",
            "type": "Concept",
            "dataType": "xbrli:sharesItemType"
        },
        {
            "isAbstract": "false",
            "label": "Document Fiscal Year Focus",
            "periodType": "duration",
            "localName": "DocumentFiscalYearFocus",
            "type": "Concept",
            "dataType": "xbrli:gYearItemType"
        },
        {
            "isAbstract": "false",
            "label": "dei:ContactPersonnelName",
            "periodType": "duration",
            "localName": "ContactPersonnelName",
            "type": "Concept",
            "dataType": "xbrli:normalizedStringItemType"
        },
        {
            "type": "Type",
            "label": "nineDigitItemType",
            "localName": "nineDigitItemType"
        },
        {
            "isAbstract": "true",
            "label": "dei:HumanResourcesContactMember",
            "periodType": "duration",
            "localName": "HumanResourcesContactMember",
            "type": "Concept",
            "dataType": "nonnum:domainItemType"
        },
        {
            "isAbstract": "true",
            "label": "dei:EntityContactPersonnelContactPersonTypeAxis",
            "periodType": "duration",
            "localName": "EntityContactPersonnelContactPersonTypeAxis",
            "type": "Concept",
            "dataType": "xbrli:stringItemType"
        },
        {
            "isAbstract": "false",
            "label": "dei:EntityLocationPrimary",
            "periodType": "duration",
            "localName": "EntityLocationPrimary",
            "type": "Concept",
            "dataType": "dei:yesNoItemType"
        },
        {
            "isAbstract": "true",
            "label": "Legal Entity [Axis]",
            "periodType": "duration",
            "localName": "LegalEntityAxis",
            "type": "Concept",
            "dataType": "xbrli:stringItemType"
        },
        {
            "isAbstract": "true",
            "label": "dei:EntityPhoneFaxNumbersTable",
            "periodType": "duration",
            "localName": "EntityPhoneFaxNumbersTable",
            "type": "Concept",
            "dataType": "xbrli:stringItemType"
        },
        {
            "isAbstract": "true",
            "label": "dei:DocumentDomain",
            "periodType": "duration",
            "localName": "DocumentDomain",
            "type": "Concept",
            "dataType": "nonnum:domainItemType"
        },
        {
            "isAbstract": "false",
            "label": "dei:EntityOtherIdentificationType",
            "periodType": "duration",
            "localName": "EntityOtherIdentificationType",
            "type": "Concept",
            "dataType": "xbrli:normalizedStringItemType"
        },
        {
            "isAbstract": "true",
            "label": "dei:EntityListingsTable",
            "periodType": "duration",
            "localName": "EntityListingsTable",
            "type": "Concept",
            "dataType": "xbrli:stringItemType"
        },
        {
            "isAbstract": "false",
            "label": "dei:EntityListingDescription",
            "periodType": "duration",
            "localName": "EntityListingDescription",
            "type": "Concept",
            "dataType": "xbrli:stringItemType"
        },
        {
            "isAbstract": "true",
            "label": "dei:ReservedItemsForDeiAbstract",
            "periodType": "duration",
            "localName": "ReservedItemsForDeiAbstract",
            "type": "Concept",
            "dataType": "xbrli:stringItemType"
        },
        {
            "isAbstract": "false",
            "label": "dei:EntityAddressAddressLine3",
            "periodType": "duration",
            "localName": "EntityAddressAddressLine3",
            "type": "Concept",
            "dataType": "xbrli:normalizedStringItemType"
        },
        {
            "isAbstract": "true",
            "label": "dei:CoverAbstract",
            "periodType": "duration",
            "localName": "CoverAbstract",
            "type": "Concept",
            "dataType": "xbrli:stringItemType"
        },
        {
            "isAbstract": "false",
            "label": "dei:CountryRegion",
            "periodType": "duration",
            "localName": "CountryRegion",
            "type": "Concept",
            "dataType": "xbrli:normalizedStringItemType"
        },
        {
            "isAbstract": "false",
            "label": "dei:EntityAddressStateOrProvince",
            "periodType": "duration",
            "localName": "EntityAddressStateOrProvince",
            "type": "Concept",
            "dataType": "dei:stateOrProvinceItemType"
        },
        {
            "isAbstract": "false",
            "label": "dei:EntityPrimarySicNumber",
            "periodType": "duration",
            "localName": "EntityPrimarySicNumber",
            "type": "Concept",
            "dataType": "dei:sicNumberItemType"
        },
        {
            "isAbstract": "true",
            "label": "dei:EntityLocationTable",
            "periodType": "duration",
            "localName": "EntityLocationTable",
            "type": "Concept",
            "dataType": "xbrli:stringItemType"
        },
        {
            "isAbstract": "false",
            "label": "dei:DocumentCopyrightInformation",
            "periodType": "duration",
            "localName": "DocumentCopyrightInformation",
            "type": "Concept",
            "dataType": "xbrli:stringItemType"
        },
        {
            "type": "Type",
            "label": "centralIndexKeyItemType",
            "localName": "centralIndexKeyItemType"
        },
        {
            "isAbstract": "false",
            "label": "dei:PreEffectiveAmendmentNumber",
            "periodType": "duration",
            "localName": "PreEffectiveAmendmentNumber",
            "type": "Concept",
            "dataType": "xbrli:normalizedStringItemType"
        },
        {
            "isAbstract": "true",
            "label": "dei:AccountingAddressMember",
            "periodType": "duration",
            "localName": "AccountingAddressMember",
            "type": "Concept",
            "dataType": "nonnum:domainItemType"
        },
        {
            "isAbstract": "true",
            "label": "dei:LegalAddressMember",
            "periodType": "duration",
            "localName": "LegalAddressMember",
            "type": "Concept",
            "dataType": "nonnum:domainItemType"
        },
        {
            "isAbstract": "true",
            "label": "dei:EntityNorthAmericanIndustryClassificationsTable",
            "periodType": "duration",
            "localName": "EntityNorthAmericanIndustryClassificationsTable",
            "type": "Concept",
            "dataType": "xbrli:stringItemType"
        },
        {
            "isAbstract": "true",
            "label": "dei:AdrMember",
            "periodType": "duration",
            "localName": "AdrMember",
            "type": "Concept",
            "dataType": "nonnum:domainItemType"
        },
        {
            "isAbstract": "false",
            "label": "dei:EntityPublicFloat",
            "balanceType": "credit",
            "periodType": "instant",
            "localName": "EntityPublicFloat",
            "type": "Concept",
            "dataType": "xbrli:monetaryItemType"
        },
        {
            "isAbstract": "false",
            "label": "Entity Central Index Key",
            "periodType": "duration",
            "localName": "EntityCentralIndexKey",
            "type": "Concept",
            "dataType": "dei:centralIndexKeyItemType"
        },
        {
            "isAbstract": "false",
            "label": "dei:EntityIncorporationDateOfIncorporation",
            "periodType": "duration",
            "localName": "EntityIncorporationDateOfIncorporation",
            "type": "Concept",
            "dataType": "xbrli:dateItemType"
        },
        {
            "type": "Type",
            "label": "fiscalPeriodItemType",
            "localName": "fiscalPeriodItemType"
        },
        {
            "isAbstract": "true",
            "label": "dei:InvestorRelationsContactMember",
            "periodType": "duration",
            "localName": "InvestorRelationsContactMember",
            "type": "Concept",
            "dataType": "nonnum:domainItemType"
        },
        {
            "isAbstract": "true",
            "label": "dei:EntityByLocationAxis",
            "periodType": "duration",
            "localName": "EntityByLocationAxis",
            "type": "Concept",
            "dataType": "xbrli:stringItemType"
        },
        {
            "isAbstract": "true",
            "label": "dei:EntityLocationLineItems",
            "periodType": "duration",
            "localName": "EntityLocationLineItems",
            "type": "Concept",
            "dataType": "xbrli:stringItemType"
        },
        {
            "type": "Type",
            "label": "legalEntityIdentifierItemType",
            "localName": "legalEntityIdentifierItemType"
        },
        {
            "isAbstract": "true",
            "label": "Entity [Domain]",
            "periodType": "duration",
            "localName": "EntityDomain",
            "type": "Concept",
            "dataType": "nonnum:domainItemType"
        },
        {
            "isAbstract": "false",
            "label": "dei:DocumentQuarterlyReport",
            "periodType": "duration",
            "localName": "DocumentQuarterlyReport",
            "type": "Concept",
            "dataType": "xbrli:booleanItemType"
        },
        {
            "isAbstract": "true",
            "label": "dei:InvestorRelationsPhoneMember",
            "periodType": "duration",
            "localName": "InvestorRelationsPhoneMember",
            "type": "Concept",
            "dataType": "nonnum:domainItemType"
        },
        {
            "isAbstract": "false",
            "label": "dei:PhoneFaxNumberDescription",
            "periodType": "duration",
            "localName": "PhoneFaxNumberDescription",
            "type": "Concept",
            "dataType": "xbrli:stringItemType"
        },
        {
            "isAbstract": "true",
            "label": "dei:InvestorRelationsFaxMember",
            "periodType": "duration",
            "localName": "InvestorRelationsFaxMember",
            "type": "Concept",
            "dataType": "nonnum:domainItemType"
        },
        {
            "isAbstract": "true",
            "label": "dei:DocumentInformationTable",
            "periodType": "duration",
            "localName": "DocumentInformationTable",
            "type": "Concept",
            "dataType": "xbrli:stringItemType"
        },
        {
            "isAbstract": "true",
            "label": "dei:EntityContactPersonnelLineItems",
            "periodType": "duration",
            "localName": "EntityContactPersonnelLineItems",
            "type": "Concept",
            "dataType": "xbrli:stringItemType"
        },
        {
            "isAbstract": "false",
            "label": "dei:Security12bTitle",
            "periodType": "duration",
            "localName": "Security12bTitle",
            "type": "Concept",
            "dataType": "dei:securityTitleItemType"
        },
        {
            "isAbstract": "false",
            "label": "dei:ParentEntityLegalName",
            "periodType": "duration",
            "localName": "ParentEntityLegalName",
            "type": "Concept",
            "dataType": "xbrli:stringItemType"
        },
        {
            "isAbstract": "true",
            "label": "dei:UTR",
            "periodType": "duration",
            "localName": "UTR",
            "type": "Concept",
            "dataType": "xbrli:stringItemType"
        },
        {
            "isAbstract": "false",
            "label": "dei:EntityTaxIdentificationNumber",
            "periodType": "duration",
            "localName": "EntityTaxIdentificationNumber",
            "type": "Concept",
            "dataType": "dei:employerIdItemType"
        },
        {
            "isAbstract": "false",
            "label": "dei:EntityAddressAddressDescription",
            "periodType": "duration",
            "localName": "EntityAddressAddressDescription",
            "type": "Concept",
            "dataType": "xbrli:stringItemType"
        },
        {
            "isAbstract": "true",
            "label": "dei:OtherAddressMember",
            "periodType": "duration",
            "localName": "OtherAddressMember",
            "type": "Concept",
            "dataType": "nonnum:domainItemType"
        },
        {
            "isAbstract": "false",
            "label": "dei:TradingSymbol",
            "periodType": "duration",
            "localName": "TradingSymbol",
            "type": "Concept",
            "dataType": "dei:tradingSymbolItemType"
        },
        {
            "isAbstract": "false",
            "label": "dei:EntityOtherIdentificationValue",
            "periodType": "duration",
            "localName": "EntityOtherIdentificationValue",
            "type": "Concept",
            "dataType": "xbrli:normalizedStringItemType"
        },
        {
            "type": "Type",
            "label": "employerIdItemType",
            "localName": "employerIdItemType"
        },
        {
            "type": "Type",
            "label": "tradingSymbolItemType",
            "localName": "tradingSymbolItemType"
        },
        {
            "isAbstract": "false",
            "label": "dei:EntityListingParValuePerShare",
            "periodType": "duration",
            "localName": "EntityListingParValuePerShare",
            "type": "Concept",
            "dataType": "num:perShareItemType"
        },
        {
            "isAbstract": "false",
            "label": "dei:EntityAddressAddressLine1",
            "periodType": "duration",
            "localName": "EntityAddressAddressLine1",
            "type": "Concept",
            "dataType": "xbrli:normalizedStringItemType"
        },
        {
            "isAbstract": "false",
            "label": "dei:EntityTextBlock",
            "periodType": "duration",
            "localName": "EntityTextBlock",
            "type": "Concept",
            "dataType": "nonnum:textBlockItemType"
        },
        {
            "isAbstract": "true",
            "label": "dei:EntityPhoneFaxNumbersLineItems",
            "periodType": "duration",
            "localName": "EntityPhoneFaxNumbersLineItems",
            "type": "Concept",
            "dataType": "xbrli:stringItemType"
        },
        {
            "isAbstract": "false",
            "label": "dei:LocalPhoneNumber",
            "periodType": "duration",
            "localName": "LocalPhoneNumber",
            "type": "Concept",
            "dataType": "xbrli:normalizedStringItemType"
        },
        {
            "isAbstract": "true",
            "label": "dei:DocumentContactMember",
            "periodType": "duration",
            "localName": "DocumentContactMember",
            "type": "Concept",
            "dataType": "nonnum:domainItemType"
        },
        {
            "isAbstract": "false",
            "label": "dei:FormerFiscalYearEndDate",
            "periodType": "duration",
            "localName": "FormerFiscalYearEndDate",
            "type": "Concept",
            "dataType": "xbrli:gMonthDayItemType"
        },
        {
            "isAbstract": "true",
            "label": "dei:NameChangeEventLineItems",
            "periodType": "duration",
            "localName": "NameChangeEventLineItems",
            "type": "Concept",
            "dataType": "xbrli:stringItemType"
        },
        {
            "isAbstract": "true",
            "label": "dei:ContactPhoneMember",
            "periodType": "duration",
            "localName": "ContactPhoneMember",
            "type": "Concept",
            "dataType": "nonnum:domainItemType"
        },
        {
            "isAbstract": "false",
            "label": "dei:EntityDataUniversalNumberingSystemNumber",
            "periodType": "duration",
            "localName": "EntityDataUniversalNumberingSystemNumber",
            "type": "Concept",
            "dataType": "dei:nineDigitItemType"
        },
        {
            "isAbstract": "false",
            "label": "dei:ContactPersonnelUniformResourceLocatorURL",
            "periodType": "duration",
            "localName": "ContactPersonnelUniformResourceLocatorURL",
            "type": "Concept",
            "dataType": "xbrli:anyURIItemType"
        },
        {
            "isAbstract": "true",
            "label": "dei:EntityInformationLineItems",
            "periodType": "duration",
            "localName": "EntityInformationLineItems",
            "type": "Concept",
            "dataType": "xbrli:stringItemType"
        },
        {
            "isAbstract": "false",
            "label": "dei:ContactPersonnelEmailAddress",
            "periodType": "duration",
            "localName": "ContactPersonnelEmailAddress",
            "type": "Concept",
            "dataType": "xbrli:normalizedStringItemType"
        },
        {
            "isAbstract": "true",
            "label": "dei:EntityAddressesLineItems",
            "periodType": "duration",
            "localName": "EntityAddressesLineItems",
            "type": "Concept",
            "dataType": "xbrli:stringItemType"
        },
        {
            "isAbstract": "true",
            "label": "dei:LegalPhoneMember",
            "periodType": "duration",
            "localName": "LegalPhoneMember",
            "type": "Concept",
            "dataType": "nonnum:domainItemType"
        },
        {
            "isAbstract": "false",
            "label": "dei:PostEffectiveAmendmentNumber",
            "periodType": "duration",
            "localName": "PostEffectiveAmendmentNumber",
            "type": "Concept",
            "dataType": "xbrli:normalizedStringItemType"
        },
        {
            "isAbstract": "false",
            "label": "dei:DocumentsIncorporatedByReferenceTextBlock",
            "periodType": "duration",
            "localName": "DocumentsIncorporatedByReferenceTextBlock",
            "type": "Concept",
            "dataType": "nonnum:textBlockItemType"
        },
        {
            "isAbstract": "false",
            "label": "dei:Security12gTitle",
            "periodType": "duration",
            "localName": "Security12gTitle",
            "type": "Concept",
            "dataType": "dei:securityTitleItemType"
        },
        {
            "isAbstract": "false",
            "label": "Document Fiscal Period Focus",
            "periodType": "duration",
            "localName": "DocumentFiscalPeriodFocus",
            "type": "Concept",
            "dataType": "dei:fiscalPeriodItemType"
        },
        {
            "isAbstract": "false",
            "label": "Document Annual Report",
            "periodType": "duration",
            "localName": "DocumentAnnualReport",
            "type": "Concept",
            "dataType": "xbrli:booleanItemType"
        },
        {
            "isAbstract": "true",
            "label": "dei:GeneralPhoneMember",
            "periodType": "duration",
            "localName": "GeneralPhoneMember",
            "type": "Concept",
            "dataType": "nonnum:domainItemType"
        },
        {
            "isAbstract": "false",
            "label": "dei:DocumentRegistrationStatement",
            "periodType": "duration",
            "localName": "DocumentRegistrationStatement",
            "type": "Concept",
            "dataType": "xbrli:booleanItemType"
        },
        {
            "isAbstract": "false",
            "label": "dei:PreCommencementIssuerTenderOffer",
            "periodType": "duration",
            "localName": "PreCommencementIssuerTenderOffer",
            "type": "Concept",
            "dataType": "xbrli:booleanItemType"
        },
        {
            "isAbstract": "false",
            "label": "Entity Registrant Name",
            "periodType": "duration",
            "localName": "EntityRegistrantName",
            "type": "Concept",
            "dataType": "xbrli:normalizedStringItemType"
        },
        {
            "isAbstract": "true",
            "label": "dei:EntitySectorIndustryClassificationsLineItems",
            "periodType": "duration",
            "localName": "EntitySectorIndustryClassificationsLineItems",
            "type": "Concept",
            "dataType": "xbrli:stringItemType"
        },
        {
            "isAbstract": "false",
            "label": "Entity Interactive Data Current",
            "periodType": "duration",
            "localName": "EntityInteractiveDataCurrent",
            "type": "Concept",
            "dataType": "dei:yesNoItemType"
        },
        {
            "isAbstract": "true",
            "label": "dei:AccountingContactMember",
            "periodType": "duration",
            "localName": "AccountingContactMember",
            "type": "Concept",
            "dataType": "nonnum:domainItemType"
        },
        {
            "isAbstract": "true",
            "label": "dei:NameChangeEventDateAxis",
            "periodType": "duration",
            "localName": "NameChangeEventDateAxis",
            "type": "Concept",
            "dataType": "xbrli:stringItemType"
        },
        {
            "type": "Type",
            "label": "edgarStateCountryItemType",
            "localName": "edgarStateCountryItemType"
        },
        {
            "isAbstract": "false",
            "label": "dei:RegistrationStatementAmendmentNumber",
            "periodType": "duration",
            "localName": "RegistrationStatementAmendmentNumber",
            "type": "Concept",
            "dataType": "xbrli:normalizedStringItemType"
        },
        {
            "isAbstract": "false",
            "label": "dei:PreCommencementTenderOffer",
            "periodType": "duration",
            "localName": "PreCommencementTenderOffer",
            "type": "Concept",
            "dataType": "xbrli:booleanItemType"
        },
        {
            "isAbstract": "false",
            "label": "dei:EntityListingForeign",
            "periodType": "duration",
            "localName": "EntityListingForeign",
            "type": "Concept",
            "dataType": "dei:yesNoItemType"
        },
        {
            "isAbstract": "false",
            "label": "dei:ContainedFileInformationFileDescription",
            "periodType": "duration",
            "localName": "ContainedFileInformationFileDescription",
            "type": "Concept",
            "dataType": "xbrli:stringItemType"
        },
        {
            "isAbstract": "false",
            "label": "dei:EntityFileNumber",
            "periodType": "duration",
            "localName": "EntityFileNumber",
            "type": "Concept",
            "dataType": "dei:fileNumberItemType"
        },
        {
            "isAbstract": "false",
            "label": "dei:EntityNumberOfEmployees",
            "periodType": "instant",
            "localName": "EntityNumberOfEmployees",
            "type": "Concept",
            "dataType": "xbrli:decimalItemType"
        },
        {
            "isAbstract": "false",
            "label": "dei:CityAreaCode",
            "periodType": "duration",
            "localName": "CityAreaCode",
            "type": "Concept",
            "dataType": "xbrli:normalizedStringItemType"
        },
        {
            "isAbstract": "false",
            "label": "Document Shell Company Report",
            "periodType": "duration",
            "localName": "DocumentShellCompanyReport",
            "type": "Concept",
            "dataType": "xbrli:booleanItemType"
        },
        {
            "isAbstract": "true",
            "label": "dei:GeneralFaxMember",
            "periodType": "duration",
            "localName": "GeneralFaxMember",
            "type": "Concept",
            "dataType": "nonnum:domainItemType"
        },
        {
            "isAbstract": "false",
            "label": "Document Type",
            "periodType": "duration",
            "localName": "DocumentType",
            "type": "Concept",
            "dataType": "dei:submissionTypeItemType"
        },
        {
            "isAbstract": "false",
            "label": "dei:DocumentEffectiveDate",
            "periodType": "duration",
            "localName": "DocumentEffectiveDate",
            "type": "Concept",
            "dataType": "xbrli:dateItemType"
        },
        {
            "isAbstract": "true",
            "label": "dei:EntityNorthAmericanIndustryClassificationsLineItems",
            "periodType": "duration",
            "localName": "EntityNorthAmericanIndustryClassificationsLineItems",
            "type": "Concept",
            "dataType": "xbrli:stringItemType"
        },
        {
            "isAbstract": "false",
            "label": "dei:ContainedFileInformationFileName",
            "periodType": "duration",
            "localName": "ContainedFileInformationFileName",
            "type": "Concept",
            "dataType": "xbrli:normalizedStringItemType"
        },
        {
            "isAbstract": "false",
            "label": "dei:ContainedFileInformationFileType",
            "periodType": "duration",
            "localName": "ContainedFileInformationFileType",
            "type": "Concept",
            "dataType": "xbrli:normalizedStringItemType"
        },
        {
            "isAbstract": "false",
            "label": "dei:AuditedAnnualFinancialStatements",
            "periodType": "duration",
            "localName": "AuditedAnnualFinancialStatements",
            "type": "Concept",
            "dataType": "xbrli:booleanItemType"
        },
        {
            "isAbstract": "false",
            "label": "dei:EntityInvCompanyType",
            "periodType": "duration",
            "localName": "EntityInvCompanyType",
            "type": "Concept",
            "dataType": "dei:invCompanyType"
        },
        {
            "isAbstract": "false",
            "label": "dei:DocumentAccountingStandard",
            "periodType": "duration",
            "localName": "DocumentAccountingStandard",
            "type": "Concept",
            "dataType": "dei:accountingStandardItemType"
        },
        {
            "isAbstract": "false",
            "label": "dei:EntitySmallBusiness",
            "periodType": "duration",
            "localName": "EntitySmallBusiness",
            "type": "Concept",
            "dataType": "xbrli:booleanItemType"
        },
        {
            "isAbstract": "true",
            "label": "dei:BusinessContactMember",
            "periodType": "duration",
            "localName": "BusinessContactMember",
            "type": "Concept",
            "dataType": "nonnum:domainItemType"
        },
        {
            "type": "Type",
            "label": "accountingStandardItemType",
            "localName": "accountingStandardItemType"
        },
        {
            "type": "Type",
            "label": "fileNumberItemType",
            "localName": "fileNumberItemType"
        },
        {
            "isAbstract": "true",
            "label": "dei:EntityListingsLineItems",
            "periodType": "duration",
            "localName": "EntityListingsLineItems",
            "type": "Concept",
            "dataType": "xbrli:stringItemType"
        },
        {
            "isAbstract": "false",
            "label": "dei:EntitySectorIndustryClassificationPrimary",
            "periodType": "duration",
            "localName": "EntitySectorIndustryClassificationPrimary",
            "type": "Concept",
            "dataType": "dei:yesNoItemType"
        },
        {
            "isAbstract": "true",
            "label": "dei:LocationDomain",
            "periodType": "duration",
            "localName": "LocationDomain",
            "type": "Concept",
            "dataType": "nonnum:domainItemType"
        },
        {
            "type": "Type",
            "label": "submissionTypeItemType",
            "localName": "submissionTypeItemType"
        },
        {
            "isAbstract": "false",
            "label": "dei:EntityAddressRegion",
            "periodType": "duration",
            "localName": "EntityAddressRegion",
            "type": "Concept",
            "dataType": "xbrli:normalizedStringItemType"
        },
        {
            "isAbstract": "false",
            "label": "Amendment Flag",
            "periodType": "duration",
            "localName": "AmendmentFlag",
            "type": "Concept",
            "dataType": "xbrli:booleanItemType"
        },
        {
            "isAbstract": "false",
            "label": "dei:EntityLegalForm",
            "periodType": "duration",
            "localName": "EntityLegalForm",
            "type": "Concept",
            "dataType": "xbrli:stringItemType"
        },
        {
            "isAbstract": "true",
            "label": "dei:PhoneFaxNumberTypeDomain",
            "periodType": "duration",
            "localName": "PhoneFaxNumberTypeDomain",
            "type": "Concept",
            "dataType": "nonnum:domainItemType"
        },
        {
            "isAbstract": "false",
            "label": "dei:OtherReportingStandardItemNumber",
            "periodType": "duration",
            "localName": "OtherReportingStandardItemNumber",
            "type": "Concept",
            "dataType": "dei:otherReportingStandardItemNumberItemType"
        }
    ]
}