{
    "http://www.xbrl.org/2003/instance": [
        {
            "type": "Type",
            "label": "gMonthItemType",
            "localName": "gMonthItemType"
        },
        {
            "type": "Type",
            "label": "negativeIntegerItemType",
            "localName": "negativeIntegerItemType"
        },
        {
            "type": "Type",
            "label": "gYearMonthItemType",
            "localName": "gYearMonthItemType"
        },
        {
            "type": "Type",
            "label": "integerItemType",
            "localName": "integerItemType"
        },
        {
            "isAbstract": "true",
            "type": "Concept",
            "label": "xbrli:tuple",
            "dataType": "anyType",
            "localName": "tuple"
        },
        {
            "type": "Type",
            "label": "anyURIItemType",
            "localName": "anyURIItemType"
        },
        {
            "type": "Type",
            "label": "dateItemType",
            "localName": "dateItemType"
        },
        {
            "type": "Type",
            "label": "base64BinaryItemType",
            "localName": "base64BinaryItemType"
        },
        {
            "type": "Type",
            "label": "monetaryItemType",
            "localName": "monetaryItemType"
        },
        {
            "type": "Type",
            "label": "decimalItemType",
            "localName": "decimalItemType"
        },
        {
            "type": "Type",
            "label": "normalizedStringItemType",
            "localName": "normalizedStringItemType"
        },
        {
            "type": "Type",
            "label": "unsignedLongItemType",
            "localName": "unsignedLongItemType"
        },
        {
            "type": "Type",
            "label": "gMonthDayItemType",
            "localName": "gMonthDayItemType"
        },
        {
            "type": "Type",
            "label": "NCNameItemType",
            "localName": "NCNameItemType"
        },
        {
            "type": "Type",
            "label": "hexBinaryItemType",
            "localName": "hexBinaryItemType"
        },
        {
            "type": "Type",
            "label": "timeItemType",
            "localName": "timeItemType"
        },
        {
            "type": "Type",
            "label": "unsignedIntItemType",
            "localName": "unsignedIntItemType"
        },
        {
            "type": "Type",
            "label": "positiveIntegerItemType",
            "localName": "positiveIntegerItemType"
        },
        {
            "type": "Type",
            "label": "shortItemType",
            "localName": "shortItemType"
        },
        {
            "type": "Type",
            "label": "QNameItemType",
            "localName": "QNameItemType"
        },
        {
            "type": "Type",
            "label": "gDayItemType",
            "localName": "gDayItemType"
        },
        {
            "type": "Type",
            "label": "nonPositiveIntegerItemType",
            "localName": "nonPositiveIntegerItemType"
        },
        {
            "type": "Unit",
            "label": "pure",
            "localName": "pure"
        },
        {
            "type": "Type",
            "label": "intItemType",
            "localName": "intItemType"
        },
        {
            "type": "Type",
            "label": "NameItemType",
            "localName": "NameItemType"
        },
        {
            "type": "Type",
            "label": "doubleItemType",
            "localName": "doubleItemType"
        },
        {
            "type": "Type",
            "label": "longItemType",
            "localName": "longItemType"
        },
        {
            "type": "Type",
            "label": "dateTimeItemType",
            "localName": "dateTimeItemType"
        },
        {
            "type": "Type",
            "label": "booleanItemType",
            "localName": "booleanItemType"
        },
        {
            "type": "Type",
            "label": "pureItemType",
            "localName": "pureItemType"
        },
        {
            "type": "Type",
            "label": "durationItemType",
            "localName": "durationItemType"
        },
        {
            "type": "Type",
            "label": "byteItemType",
            "localName": "byteItemType"
        },
        {
            "type": "Unit",
            "label": "Share",
            "localName": "shares"
        },
        {
            "isAbstract": "true",
            "type": "Concept",
            "label": "xbrli:item",
            "dataType": "anyType",
            "localName": "item"
        },
        {
            "type": "Type",
            "label": "fractionItemType",
            "localName": "fractionItemType"
        },
        {
            "type": "Type",
            "label": "floatItemType",
            "localName": "floatItemType"
        },
        {
            "type": "Type",
            "label": "sharesItemType",
            "localName": "sharesItemType"
        },
        {
            "type": "Type",
            "label": "stringItemType",
            "localName": "stringItemType"
        },
        {
            "type": "Type",
            "label": "gYearItemType",
            "localName": "gYearItemType"
        },
        {
            "type": "Type",
            "label": "tokenItemType",
            "localName": "tokenItemType"
        },
        {
            "type": "Type",
            "label": "languageItemType",
            "localName": "languageItemType"
        },
        {
            "type": "Type",
            "label": "unsignedShortItemType",
            "localName": "unsignedShortItemType"
        },
        {
            "type": "Type",
            "label": "unsignedByteItemType",
            "localName": "unsignedByteItemType"
        },
        {
            "type": "Type",
            "label": "nonNegativeIntegerItemType",
            "localName": "nonNegativeIntegerItemType"
        }
    ]
}