{
    "http://fasb.org/us-types/2019-01-31": [
        {
            "type": "Type",
            "label": "yesNoItemType",
            "localName": "yesNoItemType"
        },
        {
            "type": "Type",
            "label": "investmentPledgedItemType",
            "localName": "investmentPledgedItemType"
        },
        {
            "type": "Type",
            "label": "threeDigitItemType",
            "localName": "threeDigitItemType"
        },
        {
            "type": "Type",
            "label": "restrictedInvestmentItemType",
            "localName": "restrictedInvestmentItemType"
        },
        {
            "type": "Type",
            "label": "transitionOptionType",
            "localName": "transitionOptionType"
        },
        {
            "type": "Type",
            "label": "gYearListItemType",
            "localName": "gYearListItemType"
        },
        {
            "type": "Type",
            "label": "investmentOnLoanForShortSalesItemType",
            "localName": "investmentOnLoanForShortSalesItemType"
        },
        {
            "type": "Type",
            "label": "flowItemType",
            "localName": "flowItemType"
        },
        {
            "type": "Type",
            "label": "advertisingExpenseMethodItemType",
            "localName": "advertisingExpenseMethodItemType"
        },
        {
            "type": "Type",
            "label": "zoneStatusItemType",
            "localName": "zoneStatusItemType"
        },
        {
            "type": "Type",
            "label": "combinedComponentType",
            "localName": "combinedComponentType"
        },
        {
            "type": "Type",
            "label": "contractApplicationItemType",
            "localName": "contractApplicationItemType"
        },
        {
            "type": "Type",
            "label": "nineDigitItemType",
            "localName": "nineDigitItemType"
        },
        {
            "type": "Type",
            "label": "interestRateItemType",
            "localName": "interestRateItemType"
        },
        {
            "type": "Type",
            "label": "authorizedUnlimitedItemType",
            "localName": "authorizedUnlimitedItemType"
        },
        {
            "type": "Type",
            "label": "surchargeItemType",
            "localName": "surchargeItemType"
        },
        {
            "type": "Type",
            "label": "distributionsReceivedApproach",
            "localName": "distributionsReceivedApproach"
        },
        {
            "type": "Type",
            "label": "giltiPolicyType",
            "localName": "giltiPolicyType"
        },
        {
            "type": "Type",
            "label": "financialDesignationType",
            "localName": "financialDesignationType"
        },
        {
            "type": "Type",
            "label": "fundedStatusItemType",
            "localName": "fundedStatusItemType"
        },
        {
            "type": "Type",
            "label": "fundingImprovementAndRehabilitationPlanItemType",
            "localName": "fundingImprovementAndRehabilitationPlanItemType"
        },
        {
            "type": "Type",
            "label": "durationStringItemType",
            "localName": "durationStringItemType"
        },
        {
            "type": "Type",
            "label": "MalpracticeInsurance-OccurrenceOrClaims-madeItemType",
            "localName": "MalpracticeInsurance-OccurrenceOrClaims-madeItemType"
        },
        {
            "type": "Type",
            "label": "forfeitureMethod",
            "localName": "forfeitureMethod"
        }
    ]
}