{
    "http://www.xbrl.org/2006/ref": [
        {
            "isAbstract": "false",
            "type": "Reference",
            "label": "Note",
            "dataType": "string",
            "localName": "Note"
        },
        {
            "isAbstract": "false",
            "type": "Reference",
            "label": "Article",
            "dataType": "string",
            "localName": "Article"
        },
        {
            "isAbstract": "false",
            "type": "Reference",
            "label": "Appendix",
            "dataType": "string",
            "localName": "Appendix"
        },
        {
            "isAbstract": "false",
            "type": "Reference",
            "label": "Sentence",
            "dataType": "string",
            "localName": "Sentence"
        },
        {
            "isAbstract": "false",
            "type": "Reference",
            "label": "URIDate",
            "dataType": "ref:URIDate@anonymousType",
            "localName": "URIDate"
        },
        {
            "isAbstract": "false",
            "type": "Reference",
            "label": "Subsection",
            "dataType": "string",
            "localName": "Subsection"
        },
        {
            "isAbstract": "false",
            "type": "Reference",
            "label": "Exhibit",
            "dataType": "string",
            "localName": "Exhibit"
        },
        {
            "isAbstract": "false",
            "type": "Reference",
            "label": "Section",
            "dataType": "string",
            "localName": "Section"
        },
        {
            "isAbstract": "false",
            "type": "Reference",
            "label": "Subclause",
            "dataType": "string",
            "localName": "Subclause"
        },
        {
            "isAbstract": "false",
            "type": "Reference",
            "label": "Example",
            "dataType": "string",
            "localName": "Example"
        },
        {
            "isAbstract": "false",
            "type": "Reference",
            "label": "Publisher",
            "dataType": "string",
            "localName": "Publisher"
        },
        {
            "isAbstract": "false",
            "type": "Reference",
            "label": "Paragraph",
            "dataType": "string",
            "localName": "Paragraph"
        },
        {
            "isAbstract": "false",
            "type": "Reference",
            "label": "Subparagraph",
            "dataType": "string",
            "localName": "Subparagraph"
        },
        {
            "isAbstract": "false",
            "type": "Reference",
            "label": "Page",
            "dataType": "string",
            "localName": "Page"
        },
        {
            "isAbstract": "false",
            "type": "Reference",
            "label": "Footnote",
            "dataType": "string",
            "localName": "Footnote"
        },
        {
            "isAbstract": "false",
            "type": "Reference",
            "label": "IssueDate",
            "dataType": "string",
            "localName": "IssueDate"
        },
        {
            "isAbstract": "false",
            "type": "Reference",
            "label": "Name",
            "dataType": "string",
            "localName": "Name"
        },
        {
            "isAbstract": "false",
            "type": "Reference",
            "label": "Number",
            "dataType": "string",
            "localName": "Number"
        },
        {
            "isAbstract": "false",
            "type": "Reference",
            "label": "URI",
            "dataType": "anyURI",
            "localName": "URI"
        },
        {
            "isAbstract": "false",
            "type": "Reference",
            "label": "Clause",
            "dataType": "string",
            "localName": "Clause"
        },
        {
            "isAbstract": "false",
            "type": "Reference",
            "label": "Chapter",
            "dataType": "string",
            "localName": "Chapter"
        }
    ]
}