{
    "http://www.xbrl.org/dtr/type/numeric": [
        {
            "localName": "weightItemType",
            "type": "Type",
            "label": "weightItemType"
        },
        {
            "localName": "memoryItemType",
            "type": "Type",
            "label": "memoryItemType"
        },
        {
            "localName": "lengthItemType",
            "type": "Type",
            "label": "lengthItemType"
        },
        {
            "localName": "energyItemType",
            "type": "Type",
            "label": "energyItemType"
        },
        {
            "localName": "powerItemType",
            "type": "Type",
            "label": "powerItemType"
        },
        {
            "localName": "massItemType",
            "type": "Type",
            "label": "massItemType"
        },
        {
            "localName": "perShareItemType",
            "type": "Type",
            "label": "perShareItemType"
        },
        {
            "localName": "percentItemType",
            "type": "Type",
            "label": "percentItemType"
        },
        {
            "localName": "areaItemType",
            "type": "Type",
            "label": "areaItemType"
        },
        {
            "localName": "volumeItemType",
            "type": "Type",
            "label": "volumeItemType"
        }
    ]
}