{
    "http://www.xbrl.org/dtr/type/2020-01-21": [
        {
            "localName": "domainItemType",
            "type": "Type",
            "label": "domainItemType"
        },
        {
            "localName": "percentItemType",
            "type": "Type",
            "label": "percentItemType"
        },
        {
            "localName": "nonNegativeMonetaryItemType",
            "type": "Type",
            "label": "nonNegativeMonetaryItemType"
        },
        {
            "localName": "guidanceItemType",
            "type": "Type",
            "label": "guidanceItemType"
        },
        {
            "localName": "monetaryPerEnergyItemType",
            "type": "Type",
            "label": "monetaryPerEnergyItemType"
        },
        {
            "localName": "volumeItemType",
            "type": "Type",
            "label": "volumeItemType"
        },
        {
            "localName": "irradianceItemType",
            "type": "Type",
            "label": "irradianceItemType"
        },
        {
            "localName": "monetaryPerVolumeItemType",
            "type": "Type",
            "label": "monetaryPerVolumeItemType"
        },
        {
            "localName": "electricChargeItemType",
            "type": "Type",
            "label": "electricChargeItemType"
        },
        {
            "localName": "voltageItemType",
            "type": "Type",
            "label": "voltageItemType"
        },
        {
            "localName": "noDecimalsMonetaryItemType",
            "type": "Type",
            "label": "noDecimalsMonetaryItemType"
        },
        {
            "localName": "perShareItemType",
            "type": "Type",
            "label": "perShareItemType"
        },
        {
            "localName": "noLangStringItemType",
            "type": "Type",
            "label": "noLangStringItemType"
        },
        {
            "localName": "monetaryPerLengthItemType",
            "type": "Type",
            "label": "monetaryPerLengthItemType"
        },
        {
            "localName": "massFlowItemType",
            "type": "Type",
            "label": "massFlowItemType"
        },
        {
            "localName": "weightItemType",
            "type": "Type",
            "label": "weightItemType"
        },
        {
            "localName": "electricCurrentItemType",
            "type": "Type",
            "label": "electricCurrentItemType"
        },
        {
            "localName": "noLangTokenItemType",
            "type": "Type",
            "label": "noLangTokenItemType"
        },
        {
            "localName": "SQNameItemType",
            "type": "Type",
            "label": "SQNameItemType"
        },
        {
            "localName": "flowItemType",
            "type": "Type",
            "label": "flowItemType"
        },
        {
            "localName": "forceItemType",
            "type": "Type",
            "label": "forceItemType"
        },
        {
            "localName": "escapedItemType",
            "type": "Type",
            "label": "escapedItemType"
        },
        {
            "localName": "SQNamesItemType",
            "type": "Type",
            "label": "SQNamesItemType"
        },
        {
            "localName": "speedItemType",
            "type": "Type",
            "label": "speedItemType"
        },
        {
            "localName": "massItemType",
            "type": "Type",
            "label": "massItemType"
        },
        {
            "localName": "xmlNodesItemType",
            "type": "Type",
            "label": "xmlNodesItemType"
        },
        {
            "localName": "memoryItemType",
            "type": "Type",
            "label": "memoryItemType"
        },
        {
            "localName": "frequencyItemType",
            "type": "Type",
            "label": "frequencyItemType"
        },
        {
            "localName": "textBlockItemType",
            "type": "Type",
            "label": "textBlockItemType"
        },
        {
            "localName": "nonNegativeNoDecimalsMonetaryItemType",
            "type": "Type",
            "label": "nonNegativeNoDecimalsMonetaryItemType"
        },
        {
            "localName": "insolationItemType",
            "type": "Type",
            "label": "insolationItemType"
        },
        {
            "localName": "monetaryPerMassItemType",
            "type": "Type",
            "label": "monetaryPerMassItemType"
        },
        {
            "localName": "energyItemType",
            "type": "Type",
            "label": "energyItemType"
        },
        {
            "localName": "lengthItemType",
            "type": "Type",
            "label": "lengthItemType"
        },
        {
            "localName": "pressureItemType",
            "type": "Type",
            "label": "pressureItemType"
        },
        {
            "localName": "monetaryPerAreaItemType",
            "type": "Type",
            "label": "monetaryPerAreaItemType"
        },
        {
            "localName": "areaItemType",
            "type": "Type",
            "label": "areaItemType"
        },
        {
            "localName": "temperatureItemType",
            "type": "Type",
            "label": "temperatureItemType"
        },
        {
            "localName": "gYearListItemType",
            "type": "Type",
            "label": "gYearListItemType"
        },
        {
            "localName": "prefixedContentItemType",
            "type": "Type",
            "label": "prefixedContentItemType"
        },
        {
            "localName": "powerItemType",
            "type": "Type",
            "label": "powerItemType"
        },
        {
            "localName": "monetaryPerDurationItemType",
            "type": "Type",
            "label": "monetaryPerDurationItemType"
        },
        {
            "localName": "planeAngleItemType",
            "type": "Type",
            "label": "planeAngleItemType"
        },
        {
            "localName": "xmlItemType",
            "type": "Type",
            "label": "xmlItemType"
        }
    ]
}