{
    "http://www.xbrl.org/dtr/type/numeric": [
        {
            "localName": "percentItemType",
            "label": "percentItemType",
            "type": "Type"
        },
        {
            "localName": "perShareItemType",
            "label": "perShareItemType",
            "type": "Type"
        },
        {
            "localName": "volumeItemType",
            "label": "volumeItemType",
            "type": "Type"
        },
        {
            "localName": "weightItemType",
            "label": "weightItemType",
            "type": "Type"
        },
        {
            "localName": "energyItemType",
            "label": "energyItemType",
            "type": "Type"
        },
        {
            "localName": "areaItemType",
            "label": "areaItemType",
            "type": "Type"
        },
        {
            "localName": "lengthItemType",
            "label": "lengthItemType",
            "type": "Type"
        },
        {
            "localName": "memoryItemType",
            "label": "memoryItemType",
            "type": "Type"
        },
        {
            "localName": "powerItemType",
            "label": "powerItemType",
            "type": "Type"
        },
        {
            "localName": "massItemType",
            "label": "massItemType",
            "type": "Type"
        }
    ]
}