{
    "http://www.xbrl.org/2009/utr": [
        {
            "localName": "g",
            "label": "Gram",
            "type": "Unit"
        },
        {
            "localName": "GB",
            "label": "Gigabyte",
            "type": "Unit"
        },
        {
            "localName": "WK",
            "label": "Week",
            "type": "Unit"
        },
        {
            "localName": "kJ",
            "label": "Kilojoule",
            "type": "Unit"
        },
        {
            "localName": "MV",
            "label": "Megavolt",
            "type": "Unit"
        },
        {
            "localName": "dm",
            "label": "Decimetre",
            "type": "Unit"
        },
        {
            "localName": "kV",
            "label": "Kilovolt",
            "type": "Unit"
        },
        {
            "localName": "km",
            "label": "Kilometre",
            "type": "Unit"
        },
        {
            "localName": "MMcf",
            "label": "Millions Cubic Feet",
            "type": "Unit"
        },
        {
            "localName": "var",
            "label": "Volt-ampere reactive",
            "type": "Unit"
        },
        {
            "localName": "Mcfe",
            "label": "Thousand Cubic Foot Equivalent",
            "type": "Unit"
        },
        {
            "localName": "Ah",
            "label": "Ampere Hours",
            "type": "Unit"
        },
        {
            "localName": "mm",
            "label": "Millimetre",
            "type": "Unit"
        },
        {
            "localName": "A",
            "label": "Ampere",
            "type": "Unit"
        },
        {
            "localName": "MM",
            "label": "Minute",
            "type": "Unit"
        },
        {
            "localName": "N",
            "label": "Newton",
            "type": "Unit"
        },
        {
            "localName": "GWh",
            "label": "Gigawatt-Hour",
            "type": "Unit"
        },
        {
            "localName": "GT",
            "label": "Billion Tons",
            "type": "Unit"
        },
        {
            "localName": "MMBoe",
            "label": "Millions of Barrels of Oil Equivalent",
            "type": "Unit"
        },
        {
            "localName": "VA",
            "label": "Volt-ampere",
            "type": "Unit"
        },
        {
            "localName": "Btu",
            "label": "British Thermal Unit",
            "type": "Unit"
        },
        {
            "localName": "sqft",
            "label": "Square Foot",
            "type": "Unit"
        },
        {
            "localName": "Boe",
            "label": "Barrel of Oil Equivalent",
            "type": "Unit"
        },
        {
            "localName": "bbl",
            "label": "Barrel",
            "type": "Unit"
        },
        {
            "localName": "J",
            "label": "Joule",
            "type": "Unit"
        },
        {
            "localName": "MMBTU",
            "label": "Millions of BTU",
            "type": "Unit"
        },
        {
            "localName": "Tcf",
            "label": "Trillions of cubic feet",
            "type": "Unit"
        },
        {
            "localName": "W",
            "label": "Watt",
            "type": "Unit"
        },
        {
            "localName": "lb",
            "label": "Pound",
            "type": "Unit"
        },
        {
            "localName": "kWh",
            "label": "Kilowatt-Hours",
            "type": "Unit"
        },
        {
            "localName": "Bcf",
            "label": "Billions of cubic feet",
            "type": "Unit"
        },
        {
            "localName": "cm",
            "label": "Centimetre",
            "type": "Unit"
        },
        {
            "localName": "Gt",
            "label": "Gigatonne",
            "type": "Unit"
        },
        {
            "localName": "bu",
            "label": "Bushel",
            "type": "Unit"
        },
        {
            "localName": "MWM",
            "label": "Megawatt-Month",
            "type": "Unit"
        },
        {
            "localName": "Mcf",
            "label": "Thousands Cubic Feet",
            "type": "Unit"
        },
        {
            "localName": "M",
            "label": "Month",
            "type": "Unit"
        },
        {
            "localName": "Cal",
            "label": "Calorie",
            "type": "Unit"
        },
        {
            "localName": "l",
            "label": "Litre",
            "type": "Unit"
        },
        {
            "localName": "TWh",
            "label": "Terawatt-Hour",
            "type": "Unit"
        },
        {
            "localName": "MT",
            "label": "Million Tons",
            "type": "Unit"
        },
        {
            "localName": "MWh",
            "label": "Megawatt-Hour",
            "type": "Unit"
        },
        {
            "localName": "ft_lb",
            "label": "Foot-Pound",
            "type": "Unit"
        },
        {
            "localName": "MMBbls",
            "label": "Million Barrels",
            "type": "Unit"
        },
        {
            "localName": "TW",
            "label": "Terawatt",
            "type": "Unit"
        },
        {
            "localName": "kt",
            "label": "Kilotonne",
            "type": "Unit"
        },
        {
            "localName": "VAh",
            "label": "Volt-ampere-hours",
            "type": "Unit"
        },
        {
            "localName": "mi",
            "label": "Mile",
            "type": "Unit"
        },
        {
            "localName": "aft",
            "label": "Acre-Foot",
            "type": "Unit"
        },
        {
            "localName": "oz",
            "label": "Ounce",
            "type": "Unit"
        },
        {
            "localName": "rad",
            "label": "Radian",
            "type": "Unit"
        },
        {
            "localName": "sqm",
            "label": "Square metre",
            "type": "Unit"
        },
        {
            "localName": "ha",
            "label": "Hectare",
            "type": "Unit"
        },
        {
            "localName": "K",
            "label": "Kelvin",
            "type": "Unit"
        },
        {
            "localName": "in",
            "label": "Inch",
            "type": "Unit"
        },
        {
            "localName": "MMcfe",
            "label": "Million Cubic Foot Equivalent",
            "type": "Unit"
        },
        {
            "localName": "GWM",
            "label": "Gigawatt-Month",
            "type": "Unit"
        },
        {
            "localName": "Wh",
            "label": "Watt-Hours",
            "type": "Unit"
        },
        {
            "localName": "Bcfe",
            "label": "Billion Cubic Foot Equivalent",
            "type": "Unit"
        },
        {
            "localName": "D",
            "label": "Day",
            "type": "Unit"
        },
        {
            "localName": "kW",
            "label": "Kilowatt",
            "type": "Unit"
        },
        {
            "localName": "MBoe",
            "label": "Thousand Barrels of Oil Equivalent",
            "type": "Unit"
        },
        {
            "localName": "ft",
            "label": "Foot",
            "type": "Unit"
        },
        {
            "localName": "MBbls",
            "label": "Thousand Barrels",
            "type": "Unit"
        },
        {
            "localName": "sqkm",
            "label": "Square km",
            "type": "Unit"
        },
        {
            "localName": "Mt",
            "label": "Megatonne",
            "type": "Unit"
        },
        {
            "localName": "psi",
            "label": "Pounds Per Square Inch",
            "type": "Unit"
        },
        {
            "localName": "mJ",
            "label": "mJ",
            "type": "Unit"
        },
        {
            "localName": "Y",
            "label": "Year",
            "type": "Unit"
        },
        {
            "localName": "kB",
            "label": "Kilobyte",
            "type": "Unit"
        },
        {
            "localName": "TB",
            "label": "Terabyte",
            "type": "Unit"
        },
        {
            "localName": "m",
            "label": "Metre",
            "type": "Unit"
        },
        {
            "localName": "sqmi",
            "label": "Square Mile",
            "type": "Unit"
        },
        {
            "localName": "Bar",
            "label": "Bar",
            "type": "Unit"
        },
        {
            "localName": "GW",
            "label": "Gigawatt",
            "type": "Unit"
        },
        {
            "localName": "sqyd",
            "label": "Square Yard",
            "type": "Unit"
        },
        {
            "localName": "atm",
            "label": "Standard Atmosphere",
            "type": "Unit"
        },
        {
            "localName": "GV",
            "label": "Gigavolt",
            "type": "Unit"
        },
        {
            "localName": "C",
            "label": "Coulomb",
            "type": "Unit"
        },
        {
            "localName": "gal",
            "label": "Gallon",
            "type": "Unit"
        },
        {
            "localName": "nmi",
            "label": "Nautical Mile",
            "type": "Unit"
        },
        {
            "localName": "Degree",
            "label": "Degree",
            "type": "Unit"
        },
        {
            "localName": "ft3",
            "label": "Cubic Foot",
            "type": "Unit"
        },
        {
            "localName": "Tcfe",
            "label": "Trillion Cubic Foot Equivalent",
            "type": "Unit"
        },
        {
            "localName": "kT",
            "label": "Thousand Tons",
            "type": "Unit"
        },
        {
            "localName": "acre",
            "label": "Acre",
            "type": "Unit"
        },
        {
            "localName": "m3",
            "label": "Cubic Metre",
            "type": "Unit"
        },
        {
            "localName": "yd",
            "label": "Yard",
            "type": "Unit"
        },
        {
            "localName": "hp",
            "label": "Horsepower",
            "type": "Unit"
        },
        {
            "localName": "Hz",
            "label": "Hertz",
            "type": "Unit"
        },
        {
            "localName": "MW",
            "label": "Megawatt",
            "type": "Unit"
        },
        {
            "localName": "V",
            "label": "Volt",
            "type": "Unit"
        },
        {
            "localName": "B",
            "label": "Byte",
            "type": "Unit"
        },
        {
            "localName": "Cel",
            "label": "Celsius",
            "type": "Unit"
        },
        {
            "localName": "T",
            "label": "Ton",
            "type": "Unit"
        },
        {
            "localName": "F",
            "label": "Fahrenheit",
            "type": "Unit"
        },
        {
            "localName": "H",
            "label": "Hour",
            "type": "Unit"
        },
        {
            "localName": "Q",
            "label": "Quarter",
            "type": "Unit"
        },
        {
            "localName": "kg",
            "label": "Kilogram",
            "type": "Unit"
        },
        {
            "localName": "Pa",
            "label": "Pascal",
            "type": "Unit"
        },
        {
            "localName": "ozt",
            "label": "Troy Ounce",
            "type": "Unit"
        },
        {
            "localName": "t",
            "label": "Tonne",
            "type": "Unit"
        },
        {
            "localName": "S",
            "label": "Second",
            "type": "Unit"
        },
        {
            "localName": "Rate",
            "label": "Rate",
            "type": "Unit"
        },
        {
            "localName": "MB",
            "label": "Megabyte",
            "type": "Unit"
        }
    ]
}