{
    "http://www.xbrl.org/2006/ref": [
        {
            "label": "URIDate",
            "type": "Reference",
            "localName": "URIDate",
            "dataType": "ref:URIDate@anonymousType",
            "isAbstract": "false"
        },
        {
            "label": "Example",
            "type": "Reference",
            "localName": "Example",
            "dataType": "string",
            "isAbstract": "false"
        },
        {
            "label": "Footnote",
            "type": "Reference",
            "localName": "Footnote",
            "dataType": "string",
            "isAbstract": "false"
        },
        {
            "label": "Section",
            "type": "Reference",
            "localName": "Section",
            "dataType": "string",
            "isAbstract": "false"
        },
        {
            "label": "Publisher",
            "type": "Reference",
            "localName": "Publisher",
            "dataType": "string",
            "isAbstract": "false"
        },
        {
            "label": "Name",
            "type": "Reference",
            "localName": "Name",
            "dataType": "string",
            "isAbstract": "false"
        },
        {
            "label": "URI",
            "type": "Reference",
            "localName": "URI",
            "dataType": "anyURI",
            "isAbstract": "false"
        },
        {
            "label": "Note",
            "type": "Reference",
            "localName": "Note",
            "dataType": "string",
            "isAbstract": "false"
        },
        {
            "label": "Subclause",
            "type": "Reference",
            "localName": "Subclause",
            "dataType": "string",
            "isAbstract": "false"
        },
        {
            "label": "Number",
            "type": "Reference",
            "localName": "Number",
            "dataType": "string",
            "isAbstract": "false"
        },
        {
            "label": "Subsection",
            "type": "Reference",
            "localName": "Subsection",
            "dataType": "string",
            "isAbstract": "false"
        },
        {
            "label": "Subparagraph",
            "type": "Reference",
            "localName": "Subparagraph",
            "dataType": "string",
            "isAbstract": "false"
        },
        {
            "label": "Clause",
            "type": "Reference",
            "localName": "Clause",
            "dataType": "string",
            "isAbstract": "false"
        },
        {
            "label": "Chapter",
            "type": "Reference",
            "localName": "Chapter",
            "dataType": "string",
            "isAbstract": "false"
        },
        {
            "label": "IssueDate",
            "type": "Reference",
            "localName": "IssueDate",
            "dataType": "string",
            "isAbstract": "false"
        },
        {
            "label": "Paragraph",
            "type": "Reference",
            "localName": "Paragraph",
            "dataType": "string",
            "isAbstract": "false"
        },
        {
            "label": "Page",
            "type": "Reference",
            "localName": "Page",
            "dataType": "string",
            "isAbstract": "false"
        },
        {
            "label": "Article",
            "type": "Reference",
            "localName": "Article",
            "dataType": "string",
            "isAbstract": "false"
        },
        {
            "label": "Exhibit",
            "type": "Reference",
            "localName": "Exhibit",
            "dataType": "string",
            "isAbstract": "false"
        },
        {
            "label": "Sentence",
            "type": "Reference",
            "localName": "Sentence",
            "dataType": "string",
            "isAbstract": "false"
        },
        {
            "label": "Appendix",
            "type": "Reference",
            "localName": "Appendix",
            "dataType": "string",
            "isAbstract": "false"
        }
    ]
}