{
    "http://xbrl.sec.gov/currency/2014-01-31": [
        {
            "type": "Concept",
            "localName": "ZAR",
            "isAbstract": "true",
            "label": "currency:ZAR",
            "periodType": "duration",
            "dataType": "nonnum:domainItemType"
        },
        {
            "type": "Concept",
            "localName": "JMD",
            "isAbstract": "true",
            "label": "currency:JMD",
            "periodType": "duration",
            "dataType": "nonnum:domainItemType"
        },
        {
            "type": "Concept",
            "localName": "XAG",
            "isAbstract": "true",
            "label": "currency:XAG",
            "periodType": "duration",
            "dataType": "nonnum:domainItemType"
        },
        {
            "type": "Concept",
            "localName": "USN",
            "isAbstract": "true",
            "label": "currency:USN",
            "periodType": "duration",
            "dataType": "nonnum:domainItemType"
        },
        {
            "type": "Concept",
            "localName": "EEK",
            "isAbstract": "true",
            "label": "currency:EEK",
            "periodType": "duration",
            "dataType": "nonnum:domainItemType"
        },
        {
            "type": "Concept",
            "localName": "LYD",
            "isAbstract": "true",
            "label": "currency:LYD",
            "periodType": "duration",
            "dataType": "nonnum:domainItemType"
        },
        {
            "type": "Concept",
            "localName": "COP",
            "isAbstract": "true",
            "label": "currency:COP",
            "periodType": "duration",
            "dataType": "nonnum:domainItemType"
        },
        {
            "type": "Concept",
            "localName": "XBB",
            "isAbstract": "true",
            "label": "currency:XBB",
            "periodType": "duration",
            "dataType": "nonnum:domainItemType"
        },
        {
            "type": "Concept",
            "localName": "XBC",
            "isAbstract": "true",
            "label": "currency:XBC",
            "periodType": "duration",
            "dataType": "nonnum:domainItemType"
        },
        {
            "type": "Concept",
            "localName": "MXN",
            "isAbstract": "true",
            "label": "currency:MXN",
            "periodType": "duration",
            "dataType": "nonnum:domainItemType"
        },
        {
            "type": "Concept",
            "localName": "CZK",
            "isAbstract": "true",
            "label": "currency:CZK",
            "periodType": "duration",
            "dataType": "nonnum:domainItemType"
        },
        {
            "type": "Concept",
            "localName": "KMF",
            "isAbstract": "true",
            "label": "currency:KMF",
            "periodType": "duration",
            "dataType": "nonnum:domainItemType"
        },
        {
            "type": "Concept",
            "localName": "PYG",
            "isAbstract": "true",
            "label": "currency:PYG",
            "periodType": "duration",
            "dataType": "nonnum:domainItemType"
        },
        {
            "type": "Concept",
            "localName": "TJS",
            "isAbstract": "true",
            "label": "currency:TJS",
            "periodType": "duration",
            "dataType": "nonnum:domainItemType"
        },
        {
            "type": "Concept",
            "localName": "XPF",
            "isAbstract": "true",
            "label": "currency:XPF",
            "periodType": "duration",
            "dataType": "nonnum:domainItemType"
        },
        {
            "type": "Concept",
            "localName": "UZS",
            "isAbstract": "true",
            "label": "currency:UZS",
            "periodType": "duration",
            "dataType": "nonnum:domainItemType"
        },
        {
            "type": "Concept",
            "localName": "MDL",
            "isAbstract": "true",
            "label": "currency:MDL",
            "periodType": "duration",
            "dataType": "nonnum:domainItemType"
        },
        {
            "type": "Concept",
            "localName": "XOF",
            "isAbstract": "true",
            "label": "currency:XOF",
            "periodType": "duration",
            "dataType": "nonnum:domainItemType"
        },
        {
            "type": "Concept",
            "localName": "MVR",
            "isAbstract": "true",
            "label": "currency:MVR",
            "periodType": "duration",
            "dataType": "nonnum:domainItemType"
        },
        {
            "type": "Concept",
            "localName": "CAD",
            "isAbstract": "true",
            "label": "currency:CAD",
            "periodType": "duration",
            "dataType": "nonnum:domainItemType"
        },
        {
            "type": "Concept",
            "localName": "BOV",
            "isAbstract": "true",
            "label": "currency:BOV",
            "periodType": "duration",
            "dataType": "nonnum:domainItemType"
        },
        {
            "type": "Concept",
            "localName": "BMD",
            "isAbstract": "true",
            "label": "currency:BMD",
            "periodType": "duration",
            "dataType": "nonnum:domainItemType"
        },
        {
            "type": "Concept",
            "localName": "FKP",
            "isAbstract": "true",
            "label": "currency:FKP",
            "periodType": "duration",
            "dataType": "nonnum:domainItemType"
        },
        {
            "type": "Concept",
            "localName": "CVE",
            "isAbstract": "true",
            "label": "currency:CVE",
            "periodType": "duration",
            "dataType": "nonnum:domainItemType"
        },
        {
            "type": "Concept",
            "localName": "NAD",
            "isAbstract": "true",
            "label": "currency:NAD",
            "periodType": "duration",
            "dataType": "nonnum:domainItemType"
        },
        {
            "type": "Concept",
            "localName": "XPT",
            "isAbstract": "true",
            "label": "currency:XPT",
            "periodType": "duration",
            "dataType": "nonnum:domainItemType"
        },
        {
            "type": "Concept",
            "localName": "MMK",
            "isAbstract": "true",
            "label": "currency:MMK",
            "periodType": "duration",
            "dataType": "nonnum:domainItemType"
        },
        {
            "type": "Concept",
            "localName": "MNT",
            "isAbstract": "true",
            "label": "currency:MNT",
            "periodType": "duration",
            "dataType": "nonnum:domainItemType"
        },
        {
            "type": "Concept",
            "localName": "JOD",
            "isAbstract": "true",
            "label": "currency:JOD",
            "periodType": "duration",
            "dataType": "nonnum:domainItemType"
        },
        {
            "type": "Concept",
            "localName": "KGS",
            "isAbstract": "true",
            "label": "currency:KGS",
            "periodType": "duration",
            "dataType": "nonnum:domainItemType"
        },
        {
            "type": "Concept",
            "localName": "ANG",
            "isAbstract": "true",
            "label": "currency:ANG",
            "periodType": "duration",
            "dataType": "nonnum:domainItemType"
        },
        {
            "type": "Concept",
            "localName": "MGA",
            "isAbstract": "true",
            "label": "currency:MGA",
            "periodType": "duration",
            "dataType": "nonnum:domainItemType"
        },
        {
            "type": "Concept",
            "localName": "RWF",
            "isAbstract": "true",
            "label": "currency:RWF",
            "periodType": "duration",
            "dataType": "nonnum:domainItemType"
        },
        {
            "type": "Concept",
            "localName": "BBD",
            "isAbstract": "true",
            "label": "currency:BBD",
            "periodType": "duration",
            "dataType": "nonnum:domainItemType"
        },
        {
            "type": "Concept",
            "localName": "AllCurrenciesDomain",
            "isAbstract": "true",
            "label": "currency:AllCurrenciesDomain",
            "periodType": "duration",
            "dataType": "nonnum:domainItemType"
        },
        {
            "type": "Concept",
            "localName": "IQD",
            "isAbstract": "true",
            "label": "currency:IQD",
            "periodType": "duration",
            "dataType": "nonnum:domainItemType"
        },
        {
            "type": "Concept",
            "localName": "ISK",
            "isAbstract": "true",
            "label": "currency:ISK",
            "periodType": "duration",
            "dataType": "nonnum:domainItemType"
        },
        {
            "type": "Concept",
            "localName": "TTD",
            "isAbstract": "true",
            "label": "currency:TTD",
            "periodType": "duration",
            "dataType": "nonnum:domainItemType"
        },
        {
            "type": "Concept",
            "localName": "VND",
            "isAbstract": "true",
            "label": "currency:VND",
            "periodType": "duration",
            "dataType": "nonnum:domainItemType"
        },
        {
            "type": "Concept",
            "localName": "XBA",
            "isAbstract": "true",
            "label": "currency:XBA",
            "periodType": "duration",
            "dataType": "nonnum:domainItemType"
        },
        {
            "type": "Concept",
            "localName": "AOA",
            "isAbstract": "true",
            "label": "currency:AOA",
            "periodType": "duration",
            "dataType": "nonnum:domainItemType"
        },
        {
            "type": "Concept",
            "localName": "DZD",
            "isAbstract": "true",
            "label": "currency:DZD",
            "periodType": "duration",
            "dataType": "nonnum:domainItemType"
        },
        {
            "type": "Concept",
            "localName": "LAK",
            "isAbstract": "true",
            "label": "currency:LAK",
            "periodType": "duration",
            "dataType": "nonnum:domainItemType"
        },
        {
            "type": "Concept",
            "localName": "HUF",
            "isAbstract": "true",
            "label": "currency:HUF",
            "periodType": "duration",
            "dataType": "nonnum:domainItemType"
        },
        {
            "type": "Concept",
            "localName": "EUR",
            "isAbstract": "true",
            "label": "currency:EUR",
            "periodType": "duration",
            "dataType": "nonnum:domainItemType"
        },
        {
            "type": "Concept",
            "localName": "RUB",
            "isAbstract": "true",
            "label": "currency:RUB",
            "periodType": "duration",
            "dataType": "nonnum:domainItemType"
        },
        {
            "type": "Concept",
            "localName": "NZD",
            "isAbstract": "true",
            "label": "currency:NZD",
            "periodType": "duration",
            "dataType": "nonnum:domainItemType"
        },
        {
            "type": "Concept",
            "localName": "TOP",
            "isAbstract": "true",
            "label": "currency:TOP",
            "periodType": "duration",
            "dataType": "nonnum:domainItemType"
        },
        {
            "type": "Concept",
            "localName": "BSD",
            "isAbstract": "true",
            "label": "currency:BSD",
            "periodType": "duration",
            "dataType": "nonnum:domainItemType"
        },
        {
            "type": "Concept",
            "localName": "JPY",
            "isAbstract": "true",
            "label": "currency:JPY",
            "periodType": "duration",
            "dataType": "nonnum:domainItemType"
        },
        {
            "type": "Concept",
            "localName": "UYU",
            "isAbstract": "true",
            "label": "currency:UYU",
            "periodType": "duration",
            "dataType": "nonnum:domainItemType"
        },
        {
            "type": "Concept",
            "localName": "GGP",
            "isAbstract": "true",
            "label": "currency:GGP",
            "periodType": "duration",
            "dataType": "nonnum:domainItemType"
        },
        {
            "type": "Concept",
            "localName": "XFU",
            "isAbstract": "true",
            "label": "currency:XFU",
            "periodType": "duration",
            "dataType": "nonnum:domainItemType"
        },
        {
            "type": "Concept",
            "localName": "ZMW",
            "isAbstract": "true",
            "label": "currency:ZMW",
            "periodType": "duration",
            "dataType": "nonnum:domainItemType"
        },
        {
            "type": "Concept",
            "localName": "MXV",
            "isAbstract": "true",
            "label": "currency:MXV",
            "periodType": "duration",
            "dataType": "nonnum:domainItemType"
        },
        {
            "type": "Concept",
            "localName": "STD",
            "isAbstract": "true",
            "label": "currency:STD",
            "periodType": "duration",
            "dataType": "nonnum:domainItemType"
        },
        {
            "type": "Concept",
            "localName": "UGX",
            "isAbstract": "true",
            "label": "currency:UGX",
            "periodType": "duration",
            "dataType": "nonnum:domainItemType"
        },
        {
            "type": "Concept",
            "localName": "ALL",
            "isAbstract": "true",
            "label": "currency:ALL",
            "periodType": "duration",
            "dataType": "nonnum:domainItemType"
        },
        {
            "type": "Concept",
            "localName": "SEK",
            "isAbstract": "true",
            "label": "currency:SEK",
            "periodType": "duration",
            "dataType": "nonnum:domainItemType"
        },
        {
            "type": "Concept",
            "localName": "CDF",
            "isAbstract": "true",
            "label": "currency:CDF",
            "periodType": "duration",
            "dataType": "nonnum:domainItemType"
        },
        {
            "type": "Concept",
            "localName": "PAB",
            "isAbstract": "true",
            "label": "currency:PAB",
            "periodType": "duration",
            "dataType": "nonnum:domainItemType"
        },
        {
            "type": "Concept",
            "localName": "NOK",
            "isAbstract": "true",
            "label": "currency:NOK",
            "periodType": "duration",
            "dataType": "nonnum:domainItemType"
        },
        {
            "type": "Concept",
            "localName": "XPD",
            "isAbstract": "true",
            "label": "currency:XPD",
            "periodType": "duration",
            "dataType": "nonnum:domainItemType"
        },
        {
            "type": "Concept",
            "localName": "KZT",
            "isAbstract": "true",
            "label": "currency:KZT",
            "periodType": "duration",
            "dataType": "nonnum:domainItemType"
        },
        {
            "type": "Concept",
            "localName": "LSL",
            "isAbstract": "true",
            "label": "currency:LSL",
            "periodType": "duration",
            "dataType": "nonnum:domainItemType"
        },
        {
            "type": "Concept",
            "localName": "MOP",
            "isAbstract": "true",
            "label": "currency:MOP",
            "periodType": "duration",
            "dataType": "nonnum:domainItemType"
        },
        {
            "type": "Concept",
            "localName": "SDG",
            "isAbstract": "true",
            "label": "currency:SDG",
            "periodType": "duration",
            "dataType": "nonnum:domainItemType"
        },
        {
            "type": "Concept",
            "localName": "FJD",
            "isAbstract": "true",
            "label": "currency:FJD",
            "periodType": "duration",
            "dataType": "nonnum:domainItemType"
        },
        {
            "type": "Concept",
            "localName": "PHP",
            "isAbstract": "true",
            "label": "currency:PHP",
            "periodType": "duration",
            "dataType": "nonnum:domainItemType"
        },
        {
            "type": "Concept",
            "localName": "BAM",
            "isAbstract": "true",
            "label": "currency:BAM",
            "periodType": "duration",
            "dataType": "nonnum:domainItemType"
        },
        {
            "type": "Concept",
            "localName": "MYR",
            "isAbstract": "true",
            "label": "currency:MYR",
            "periodType": "duration",
            "dataType": "nonnum:domainItemType"
        },
        {
            "type": "Concept",
            "localName": "OMR",
            "isAbstract": "true",
            "label": "currency:OMR",
            "periodType": "duration",
            "dataType": "nonnum:domainItemType"
        },
        {
            "type": "Concept",
            "localName": "SBD",
            "isAbstract": "true",
            "label": "currency:SBD",
            "periodType": "duration",
            "dataType": "nonnum:domainItemType"
        },
        {
            "type": "Concept",
            "localName": "GTQ",
            "isAbstract": "true",
            "label": "currency:GTQ",
            "periodType": "duration",
            "dataType": "nonnum:domainItemType"
        },
        {
            "type": "Concept",
            "localName": "DOP",
            "isAbstract": "true",
            "label": "currency:DOP",
            "periodType": "duration",
            "dataType": "nonnum:domainItemType"
        },
        {
            "type": "Concept",
            "localName": "BGN",
            "isAbstract": "true",
            "label": "currency:BGN",
            "periodType": "duration",
            "dataType": "nonnum:domainItemType"
        },
        {
            "type": "Concept",
            "localName": "AZN",
            "isAbstract": "true",
            "label": "currency:AZN",
            "periodType": "duration",
            "dataType": "nonnum:domainItemType"
        },
        {
            "type": "Concept",
            "localName": "GYD",
            "isAbstract": "true",
            "label": "currency:GYD",
            "periodType": "duration",
            "dataType": "nonnum:domainItemType"
        },
        {
            "type": "Concept",
            "localName": "NPR",
            "isAbstract": "true",
            "label": "currency:NPR",
            "periodType": "duration",
            "dataType": "nonnum:domainItemType"
        },
        {
            "type": "Concept",
            "localName": "SVC",
            "isAbstract": "true",
            "label": "currency:SVC",
            "periodType": "duration",
            "dataType": "nonnum:domainItemType"
        },
        {
            "type": "Concept",
            "localName": "LTL",
            "isAbstract": "true",
            "label": "currency:LTL",
            "periodType": "duration",
            "dataType": "nonnum:domainItemType"
        },
        {
            "type": "Concept",
            "localName": "SZL",
            "isAbstract": "true",
            "label": "currency:SZL",
            "periodType": "duration",
            "dataType": "nonnum:domainItemType"
        },
        {
            "type": "Concept",
            "localName": "BHD",
            "isAbstract": "true",
            "label": "currency:BHD",
            "periodType": "duration",
            "dataType": "nonnum:domainItemType"
        },
        {
            "type": "Concept",
            "localName": "INR",
            "isAbstract": "true",
            "label": "currency:INR",
            "periodType": "duration",
            "dataType": "nonnum:domainItemType"
        },
        {
            "type": "Concept",
            "localName": "KRW",
            "isAbstract": "true",
            "label": "currency:KRW",
            "periodType": "duration",
            "dataType": "nonnum:domainItemType"
        },
        {
            "type": "Concept",
            "localName": "BIF",
            "isAbstract": "true",
            "label": "currency:BIF",
            "periodType": "duration",
            "dataType": "nonnum:domainItemType"
        },
        {
            "type": "Concept",
            "localName": "GIP",
            "isAbstract": "true",
            "label": "currency:GIP",
            "periodType": "duration",
            "dataType": "nonnum:domainItemType"
        },
        {
            "type": "Concept",
            "localName": "IDR",
            "isAbstract": "true",
            "label": "currency:IDR",
            "periodType": "duration",
            "dataType": "nonnum:domainItemType"
        },
        {
            "type": "Concept",
            "localName": "SKK",
            "isAbstract": "true",
            "label": "currency:SKK",
            "periodType": "duration",
            "dataType": "nonnum:domainItemType"
        },
        {
            "type": "Concept",
            "localName": "ARS",
            "isAbstract": "true",
            "label": "currency:ARS",
            "periodType": "duration",
            "dataType": "nonnum:domainItemType"
        },
        {
            "type": "Concept",
            "localName": "BND",
            "isAbstract": "true",
            "label": "currency:BND",
            "periodType": "duration",
            "dataType": "nonnum:domainItemType"
        },
        {
            "type": "Concept",
            "localName": "UAH",
            "isAbstract": "true",
            "label": "currency:UAH",
            "periodType": "duration",
            "dataType": "nonnum:domainItemType"
        },
        {
            "type": "Concept",
            "localName": "VEF",
            "isAbstract": "true",
            "label": "currency:VEF",
            "periodType": "duration",
            "dataType": "nonnum:domainItemType"
        },
        {
            "type": "Concept",
            "localName": "SLL",
            "isAbstract": "true",
            "label": "currency:SLL",
            "periodType": "duration",
            "dataType": "nonnum:domainItemType"
        },
        {
            "type": "Concept",
            "localName": "TWD",
            "isAbstract": "true",
            "label": "currency:TWD",
            "periodType": "duration",
            "dataType": "nonnum:domainItemType"
        },
        {
            "type": "Concept",
            "localName": "XDR",
            "isAbstract": "true",
            "label": "currency:XDR",
            "periodType": "duration",
            "dataType": "nonnum:domainItemType"
        },
        {
            "type": "Concept",
            "localName": "KYD",
            "isAbstract": "true",
            "label": "currency:KYD",
            "periodType": "duration",
            "dataType": "nonnum:domainItemType"
        },
        {
            "type": "Concept",
            "localName": "CUP",
            "isAbstract": "true",
            "label": "currency:CUP",
            "periodType": "duration",
            "dataType": "nonnum:domainItemType"
        },
        {
            "type": "Concept",
            "localName": "TVD",
            "isAbstract": "true",
            "label": "currency:TVD",
            "periodType": "duration",
            "dataType": "nonnum:domainItemType"
        },
        {
            "type": "Concept",
            "localName": "KWD",
            "isAbstract": "true",
            "label": "currency:KWD",
            "periodType": "duration",
            "dataType": "nonnum:domainItemType"
        },
        {
            "type": "Concept",
            "localName": "GEL",
            "isAbstract": "true",
            "label": "currency:GEL",
            "periodType": "duration",
            "dataType": "nonnum:domainItemType"
        },
        {
            "type": "Concept",
            "localName": "CYP",
            "isAbstract": "true",
            "label": "currency:CYP",
            "periodType": "duration",
            "dataType": "nonnum:domainItemType"
        },
        {
            "type": "Concept",
            "localName": "MTL",
            "isAbstract": "true",
            "label": "currency:MTL",
            "periodType": "duration",
            "dataType": "nonnum:domainItemType"
        },
        {
            "type": "Concept",
            "localName": "MUR",
            "isAbstract": "true",
            "label": "currency:MUR",
            "periodType": "duration",
            "dataType": "nonnum:domainItemType"
        },
        {
            "type": "Concept",
            "localName": "JEP",
            "isAbstract": "true",
            "label": "currency:JEP",
            "periodType": "duration",
            "dataType": "nonnum:domainItemType"
        },
        {
            "type": "Concept",
            "localName": "BZD",
            "isAbstract": "true",
            "label": "currency:BZD",
            "periodType": "duration",
            "dataType": "nonnum:domainItemType"
        },
        {
            "type": "Concept",
            "localName": "LKR",
            "isAbstract": "true",
            "label": "currency:LKR",
            "periodType": "duration",
            "dataType": "nonnum:domainItemType"
        },
        {
            "type": "Concept",
            "localName": "SYP",
            "isAbstract": "true",
            "label": "currency:SYP",
            "periodType": "duration",
            "dataType": "nonnum:domainItemType"
        },
        {
            "type": "Concept",
            "localName": "VUV",
            "isAbstract": "true",
            "label": "currency:VUV",
            "periodType": "duration",
            "dataType": "nonnum:domainItemType"
        },
        {
            "type": "Concept",
            "localName": "ZMK",
            "isAbstract": "true",
            "label": "currency:ZMK",
            "periodType": "duration",
            "dataType": "nonnum:domainItemType"
        },
        {
            "type": "Concept",
            "localName": "CLF",
            "isAbstract": "true",
            "label": "currency:CLF",
            "periodType": "duration",
            "dataType": "nonnum:domainItemType"
        },
        {
            "type": "Concept",
            "localName": "MAD",
            "isAbstract": "true",
            "label": "currency:MAD",
            "periodType": "duration",
            "dataType": "nonnum:domainItemType"
        },
        {
            "type": "Concept",
            "localName": "USD",
            "isAbstract": "true",
            "label": "currency:USD",
            "periodType": "duration",
            "dataType": "nonnum:domainItemType"
        },
        {
            "type": "Concept",
            "localName": "GHS",
            "isAbstract": "true",
            "label": "currency:GHS",
            "periodType": "duration",
            "dataType": "nonnum:domainItemType"
        },
        {
            "type": "Concept",
            "localName": "DJF",
            "isAbstract": "true",
            "label": "currency:DJF",
            "periodType": "duration",
            "dataType": "nonnum:domainItemType"
        },
        {
            "type": "Concept",
            "localName": "GBP",
            "isAbstract": "true",
            "label": "currency:GBP",
            "periodType": "duration",
            "dataType": "nonnum:domainItemType"
        },
        {
            "type": "Concept",
            "localName": "AFN",
            "isAbstract": "true",
            "label": "currency:AFN",
            "periodType": "duration",
            "dataType": "nonnum:domainItemType"
        },
        {
            "type": "Concept",
            "localName": "XAU",
            "isAbstract": "true",
            "label": "currency:XAU",
            "periodType": "duration",
            "dataType": "nonnum:domainItemType"
        },
        {
            "type": "Concept",
            "localName": "CHF",
            "isAbstract": "true",
            "label": "currency:CHF",
            "periodType": "duration",
            "dataType": "nonnum:domainItemType"
        },
        {
            "type": "Concept",
            "localName": "YER",
            "isAbstract": "true",
            "label": "currency:YER",
            "periodType": "duration",
            "dataType": "nonnum:domainItemType"
        },
        {
            "type": "Concept",
            "localName": "CNY",
            "isAbstract": "true",
            "label": "currency:CNY",
            "periodType": "duration",
            "dataType": "nonnum:domainItemType"
        },
        {
            "type": "Concept",
            "localName": "AWG",
            "isAbstract": "true",
            "label": "currency:AWG",
            "periodType": "duration",
            "dataType": "nonnum:domainItemType"
        },
        {
            "type": "Concept",
            "localName": "MKD",
            "isAbstract": "true",
            "label": "currency:MKD",
            "periodType": "duration",
            "dataType": "nonnum:domainItemType"
        },
        {
            "type": "Concept",
            "localName": "NIO",
            "isAbstract": "true",
            "label": "currency:NIO",
            "periodType": "duration",
            "dataType": "nonnum:domainItemType"
        },
        {
            "type": "Concept",
            "localName": "RON",
            "isAbstract": "true",
            "label": "currency:RON",
            "periodType": "duration",
            "dataType": "nonnum:domainItemType"
        },
        {
            "type": "Concept",
            "localName": "AED",
            "isAbstract": "true",
            "label": "currency:AED",
            "periodType": "duration",
            "dataType": "nonnum:domainItemType"
        },
        {
            "type": "Concept",
            "localName": "RSD",
            "isAbstract": "true",
            "label": "currency:RSD",
            "periodType": "duration",
            "dataType": "nonnum:domainItemType"
        },
        {
            "type": "Concept",
            "localName": "SOS",
            "isAbstract": "true",
            "label": "currency:SOS",
            "periodType": "duration",
            "dataType": "nonnum:domainItemType"
        },
        {
            "type": "Concept",
            "localName": "CUC",
            "isAbstract": "true",
            "label": "currency:CUC",
            "periodType": "duration",
            "dataType": "nonnum:domainItemType"
        },
        {
            "type": "Concept",
            "localName": "TMT",
            "isAbstract": "true",
            "label": "currency:TMT",
            "periodType": "duration",
            "dataType": "nonnum:domainItemType"
        },
        {
            "type": "Concept",
            "localName": "XBD",
            "isAbstract": "true",
            "label": "currency:XBD",
            "periodType": "duration",
            "dataType": "nonnum:domainItemType"
        },
        {
            "type": "Concept",
            "localName": "XXX",
            "isAbstract": "true",
            "label": "currency:XXX",
            "periodType": "duration",
            "dataType": "nonnum:domainItemType"
        },
        {
            "type": "Concept",
            "localName": "NGN",
            "isAbstract": "true",
            "label": "currency:NGN",
            "periodType": "duration",
            "dataType": "nonnum:domainItemType"
        },
        {
            "type": "Concept",
            "localName": "BDT",
            "isAbstract": "true",
            "label": "currency:BDT",
            "periodType": "duration",
            "dataType": "nonnum:domainItemType"
        },
        {
            "type": "Concept",
            "localName": "SPL",
            "isAbstract": "true",
            "label": "currency:SPL",
            "periodType": "duration",
            "dataType": "nonnum:domainItemType"
        },
        {
            "type": "Concept",
            "localName": "MZN",
            "isAbstract": "true",
            "label": "currency:MZN",
            "periodType": "duration",
            "dataType": "nonnum:domainItemType"
        },
        {
            "type": "Concept",
            "localName": "IRR",
            "isAbstract": "true",
            "label": "currency:IRR",
            "periodType": "duration",
            "dataType": "nonnum:domainItemType"
        },
        {
            "type": "Concept",
            "localName": "BOB",
            "isAbstract": "true",
            "label": "currency:BOB",
            "periodType": "duration",
            "dataType": "nonnum:domainItemType"
        },
        {
            "type": "Concept",
            "localName": "CRC",
            "isAbstract": "true",
            "label": "currency:CRC",
            "periodType": "duration",
            "dataType": "nonnum:domainItemType"
        },
        {
            "type": "Concept",
            "localName": "EGP",
            "isAbstract": "true",
            "label": "currency:EGP",
            "periodType": "duration",
            "dataType": "nonnum:domainItemType"
        },
        {
            "type": "Concept",
            "localName": "PGK",
            "isAbstract": "true",
            "label": "currency:PGK",
            "periodType": "duration",
            "dataType": "nonnum:domainItemType"
        },
        {
            "type": "Concept",
            "localName": "BTN",
            "isAbstract": "true",
            "label": "currency:BTN",
            "periodType": "duration",
            "dataType": "nonnum:domainItemType"
        },
        {
            "type": "Concept",
            "localName": "HTG",
            "isAbstract": "true",
            "label": "currency:HTG",
            "periodType": "duration",
            "dataType": "nonnum:domainItemType"
        },
        {
            "type": "Concept",
            "localName": "SAR",
            "isAbstract": "true",
            "label": "currency:SAR",
            "periodType": "duration",
            "dataType": "nonnum:domainItemType"
        },
        {
            "type": "Concept",
            "localName": "SCR",
            "isAbstract": "true",
            "label": "currency:SCR",
            "periodType": "duration",
            "dataType": "nonnum:domainItemType"
        },
        {
            "type": "Concept",
            "localName": "ETB",
            "isAbstract": "true",
            "label": "currency:ETB",
            "periodType": "duration",
            "dataType": "nonnum:domainItemType"
        },
        {
            "type": "Concept",
            "localName": "CLP",
            "isAbstract": "true",
            "label": "currency:CLP",
            "periodType": "duration",
            "dataType": "nonnum:domainItemType"
        },
        {
            "type": "Concept",
            "localName": "AMD",
            "isAbstract": "true",
            "label": "currency:AMD",
            "periodType": "duration",
            "dataType": "nonnum:domainItemType"
        },
        {
            "type": "Concept",
            "localName": "AUD",
            "isAbstract": "true",
            "label": "currency:AUD",
            "periodType": "duration",
            "dataType": "nonnum:domainItemType"
        },
        {
            "type": "Concept",
            "localName": "GNF",
            "isAbstract": "true",
            "label": "currency:GNF",
            "periodType": "duration",
            "dataType": "nonnum:domainItemType"
        },
        {
            "type": "Concept",
            "localName": "XTS",
            "isAbstract": "true",
            "label": "currency:XTS",
            "periodType": "duration",
            "dataType": "nonnum:domainItemType"
        },
        {
            "type": "Concept",
            "localName": "SRD",
            "isAbstract": "true",
            "label": "currency:SRD",
            "periodType": "duration",
            "dataType": "nonnum:domainItemType"
        },
        {
            "type": "Concept",
            "localName": "ILS",
            "isAbstract": "true",
            "label": "currency:ILS",
            "periodType": "duration",
            "dataType": "nonnum:domainItemType"
        },
        {
            "type": "Concept",
            "localName": "BWP",
            "isAbstract": "true",
            "label": "currency:BWP",
            "periodType": "duration",
            "dataType": "nonnum:domainItemType"
        },
        {
            "type": "Concept",
            "localName": "KES",
            "isAbstract": "true",
            "label": "currency:KES",
            "periodType": "duration",
            "dataType": "nonnum:domainItemType"
        },
        {
            "type": "Concept",
            "localName": "MWK",
            "isAbstract": "true",
            "label": "currency:MWK",
            "periodType": "duration",
            "dataType": "nonnum:domainItemType"
        },
        {
            "type": "Concept",
            "localName": "IMP",
            "isAbstract": "true",
            "label": "currency:IMP",
            "periodType": "duration",
            "dataType": "nonnum:domainItemType"
        },
        {
            "type": "Concept",
            "localName": "LBP",
            "isAbstract": "true",
            "label": "currency:LBP",
            "periodType": "duration",
            "dataType": "nonnum:domainItemType"
        },
        {
            "type": "Concept",
            "localName": "BRL",
            "isAbstract": "true",
            "label": "currency:BRL",
            "periodType": "duration",
            "dataType": "nonnum:domainItemType"
        },
        {
            "type": "Concept",
            "localName": "PEN",
            "isAbstract": "true",
            "label": "currency:PEN",
            "periodType": "duration",
            "dataType": "nonnum:domainItemType"
        },
        {
            "type": "Concept",
            "localName": "THB",
            "isAbstract": "true",
            "label": "currency:THB",
            "periodType": "duration",
            "dataType": "nonnum:domainItemType"
        },
        {
            "type": "Concept",
            "localName": "CHE",
            "isAbstract": "true",
            "label": "currency:CHE",
            "periodType": "duration",
            "dataType": "nonnum:domainItemType"
        },
        {
            "type": "Concept",
            "localName": "PLN",
            "isAbstract": "true",
            "label": "currency:PLN",
            "periodType": "duration",
            "dataType": "nonnum:domainItemType"
        },
        {
            "type": "Concept",
            "localName": "LVL",
            "isAbstract": "true",
            "label": "currency:LVL",
            "periodType": "duration",
            "dataType": "nonnum:domainItemType"
        },
        {
            "type": "Concept",
            "localName": "TND",
            "isAbstract": "true",
            "label": "currency:TND",
            "periodType": "duration",
            "dataType": "nonnum:domainItemType"
        },
        {
            "type": "Concept",
            "localName": "PKR",
            "isAbstract": "true",
            "label": "currency:PKR",
            "periodType": "duration",
            "dataType": "nonnum:domainItemType"
        },
        {
            "type": "Concept",
            "localName": "GMD",
            "isAbstract": "true",
            "label": "currency:GMD",
            "periodType": "duration",
            "dataType": "nonnum:domainItemType"
        },
        {
            "type": "Concept",
            "localName": "GHC",
            "isAbstract": "true",
            "label": "currency:GHC",
            "periodType": "duration",
            "dataType": "nonnum:domainItemType"
        },
        {
            "type": "Concept",
            "localName": "HNL",
            "isAbstract": "true",
            "label": "currency:HNL",
            "periodType": "duration",
            "dataType": "nonnum:domainItemType"
        },
        {
            "type": "Concept",
            "localName": "ERN",
            "isAbstract": "true",
            "label": "currency:ERN",
            "periodType": "duration",
            "dataType": "nonnum:domainItemType"
        },
        {
            "type": "Concept",
            "localName": "XCD",
            "isAbstract": "true",
            "label": "currency:XCD",
            "periodType": "duration",
            "dataType": "nonnum:domainItemType"
        },
        {
            "type": "Concept",
            "localName": "QAR",
            "isAbstract": "true",
            "label": "currency:QAR",
            "periodType": "duration",
            "dataType": "nonnum:domainItemType"
        },
        {
            "type": "Concept",
            "localName": "HRK",
            "isAbstract": "true",
            "label": "currency:HRK",
            "periodType": "duration",
            "dataType": "nonnum:domainItemType"
        },
        {
            "type": "Concept",
            "localName": "LRD",
            "isAbstract": "true",
            "label": "currency:LRD",
            "periodType": "duration",
            "dataType": "nonnum:domainItemType"
        },
        {
            "type": "Concept",
            "localName": "XAF",
            "isAbstract": "true",
            "label": "currency:XAF",
            "periodType": "duration",
            "dataType": "nonnum:domainItemType"
        },
        {
            "type": "Concept",
            "localName": "USS",
            "isAbstract": "true",
            "label": "currency:USS",
            "periodType": "duration",
            "dataType": "nonnum:domainItemType"
        },
        {
            "type": "Concept",
            "localName": "SSP",
            "isAbstract": "true",
            "label": "currency:SSP",
            "periodType": "duration",
            "dataType": "nonnum:domainItemType"
        },
        {
            "type": "Concept",
            "localName": "MRO",
            "isAbstract": "true",
            "label": "currency:MRO",
            "periodType": "duration",
            "dataType": "nonnum:domainItemType"
        },
        {
            "type": "Concept",
            "localName": "DeprecatedItemsForCurrency",
            "isAbstract": "true",
            "label": "currency:DeprecatedItemsForCurrency",
            "periodType": "duration",
            "dataType": "xbrli:stringItemType"
        },
        {
            "type": "Concept",
            "localName": "DKK",
            "isAbstract": "true",
            "label": "currency:DKK",
            "periodType": "duration",
            "dataType": "nonnum:domainItemType"
        },
        {
            "type": "Concept",
            "localName": "VEB",
            "isAbstract": "true",
            "label": "currency:VEB",
            "periodType": "duration",
            "dataType": "nonnum:domainItemType"
        },
        {
            "type": "Concept",
            "localName": "COU",
            "isAbstract": "true",
            "label": "currency:COU",
            "periodType": "duration",
            "dataType": "nonnum:domainItemType"
        },
        {
            "type": "Concept",
            "localName": "ZWL",
            "isAbstract": "true",
            "label": "currency:ZWL",
            "periodType": "duration",
            "dataType": "nonnum:domainItemType"
        },
        {
            "type": "Concept",
            "localName": "SHP",
            "isAbstract": "true",
            "label": "currency:SHP",
            "periodType": "duration",
            "dataType": "nonnum:domainItemType"
        },
        {
            "type": "Concept",
            "localName": "HKD",
            "isAbstract": "true",
            "label": "currency:HKD",
            "periodType": "duration",
            "dataType": "nonnum:domainItemType"
        },
        {
            "type": "Concept",
            "localName": "BYR",
            "isAbstract": "true",
            "label": "currency:BYR",
            "periodType": "duration",
            "dataType": "nonnum:domainItemType"
        },
        {
            "type": "Concept",
            "localName": "TMM",
            "isAbstract": "true",
            "label": "currency:TMM",
            "periodType": "duration",
            "dataType": "nonnum:domainItemType"
        },
        {
            "type": "Concept",
            "localName": "SGD",
            "isAbstract": "true",
            "label": "currency:SGD",
            "periodType": "duration",
            "dataType": "nonnum:domainItemType"
        },
        {
            "type": "Concept",
            "localName": "KHR",
            "isAbstract": "true",
            "label": "currency:KHR",
            "periodType": "duration",
            "dataType": "nonnum:domainItemType"
        },
        {
            "type": "Concept",
            "localName": "TRY",
            "isAbstract": "true",
            "label": "currency:TRY",
            "periodType": "duration",
            "dataType": "nonnum:domainItemType"
        },
        {
            "type": "Concept",
            "localName": "KPW",
            "isAbstract": "true",
            "label": "currency:KPW",
            "periodType": "duration",
            "dataType": "nonnum:domainItemType"
        },
        {
            "type": "Concept",
            "localName": "ZWD",
            "isAbstract": "true",
            "label": "currency:ZWD",
            "periodType": "duration",
            "dataType": "nonnum:domainItemType"
        },
        {
            "type": "Concept",
            "localName": "TZS",
            "isAbstract": "true",
            "label": "currency:TZS",
            "periodType": "duration",
            "dataType": "nonnum:domainItemType"
        },
        {
            "type": "Concept",
            "localName": "WST",
            "isAbstract": "true",
            "label": "currency:WST",
            "periodType": "duration",
            "dataType": "nonnum:domainItemType"
        },
        {
            "type": "Concept",
            "localName": "CHW",
            "isAbstract": "true",
            "label": "currency:CHW",
            "periodType": "duration",
            "dataType": "nonnum:domainItemType"
        }
    ]
}