{
    "http://xbrl.sec.gov/country/2013-01-31": [
        {
            "type": "Concept",
            "localName": "GG",
            "isAbstract": "true",
            "label": "country:GG",
            "periodType": "duration",
            "dataType": "nonnum:domainItemType"
        },
        {
            "type": "Concept",
            "localName": "TP",
            "isAbstract": "true",
            "label": "country:TP",
            "periodType": "duration",
            "dataType": "nonnum:domainItemType"
        },
        {
            "type": "Concept",
            "localName": "HR",
            "isAbstract": "true",
            "label": "country:HR",
            "periodType": "duration",
            "dataType": "nonnum:domainItemType"
        },
        {
            "type": "Concept",
            "localName": "JE",
            "isAbstract": "true",
            "label": "country:JE",
            "periodType": "duration",
            "dataType": "nonnum:domainItemType"
        },
        {
            "type": "Concept",
            "localName": "AM",
            "isAbstract": "true",
            "label": "country:AM",
            "periodType": "duration",
            "dataType": "nonnum:domainItemType"
        },
        {
            "type": "Concept",
            "localName": "CF",
            "isAbstract": "true",
            "label": "country:CF",
            "periodType": "duration",
            "dataType": "nonnum:domainItemType"
        },
        {
            "type": "Concept",
            "localName": "JM",
            "isAbstract": "true",
            "label": "country:JM",
            "periodType": "duration",
            "dataType": "nonnum:domainItemType"
        },
        {
            "type": "Concept",
            "localName": "PN",
            "isAbstract": "true",
            "label": "country:PN",
            "periodType": "duration",
            "dataType": "nonnum:domainItemType"
        },
        {
            "type": "Concept",
            "localName": "BH",
            "isAbstract": "true",
            "label": "country:BH",
            "periodType": "duration",
            "dataType": "nonnum:domainItemType"
        },
        {
            "type": "Concept",
            "localName": "AF",
            "isAbstract": "true",
            "label": "country:AF",
            "periodType": "duration",
            "dataType": "nonnum:domainItemType"
        },
        {
            "type": "Concept",
            "localName": "PG",
            "isAbstract": "true",
            "label": "country:PG",
            "periodType": "duration",
            "dataType": "nonnum:domainItemType"
        },
        {
            "type": "Concept",
            "localName": "NO",
            "isAbstract": "true",
            "label": "country:NO",
            "periodType": "duration",
            "dataType": "nonnum:domainItemType"
        },
        {
            "type": "Concept",
            "localName": "KE",
            "isAbstract": "true",
            "label": "country:KE",
            "periodType": "duration",
            "dataType": "nonnum:domainItemType"
        },
        {
            "type": "Concept",
            "localName": "MO",
            "isAbstract": "true",
            "label": "country:MO",
            "periodType": "duration",
            "dataType": "nonnum:domainItemType"
        },
        {
            "type": "Concept",
            "localName": "SD",
            "isAbstract": "true",
            "label": "country:SD",
            "periodType": "duration",
            "dataType": "nonnum:domainItemType"
        },
        {
            "type": "Concept",
            "localName": "NL",
            "isAbstract": "true",
            "label": "country:NL",
            "periodType": "duration",
            "dataType": "nonnum:domainItemType"
        },
        {
            "type": "Concept",
            "localName": "SL",
            "isAbstract": "true",
            "label": "country:SL",
            "periodType": "duration",
            "dataType": "nonnum:domainItemType"
        },
        {
            "type": "Concept",
            "localName": "GY",
            "isAbstract": "true",
            "label": "country:GY",
            "periodType": "duration",
            "dataType": "nonnum:domainItemType"
        },
        {
            "type": "Concept",
            "localName": "UZ",
            "isAbstract": "true",
            "label": "country:UZ",
            "periodType": "duration",
            "dataType": "nonnum:domainItemType"
        },
        {
            "type": "Concept",
            "localName": "ZW",
            "isAbstract": "true",
            "label": "country:ZW",
            "periodType": "duration",
            "dataType": "nonnum:domainItemType"
        },
        {
            "type": "Concept",
            "localName": "KW",
            "isAbstract": "true",
            "label": "country:KW",
            "periodType": "duration",
            "dataType": "nonnum:domainItemType"
        },
        {
            "type": "Concept",
            "localName": "ET",
            "isAbstract": "true",
            "label": "country:ET",
            "periodType": "duration",
            "dataType": "nonnum:domainItemType"
        },
        {
            "type": "Concept",
            "localName": "MP",
            "isAbstract": "true",
            "label": "country:MP",
            "periodType": "duration",
            "dataType": "nonnum:domainItemType"
        },
        {
            "type": "Concept",
            "localName": "CR",
            "isAbstract": "true",
            "label": "country:CR",
            "periodType": "duration",
            "dataType": "nonnum:domainItemType"
        },
        {
            "type": "Concept",
            "localName": "VU",
            "isAbstract": "true",
            "label": "country:VU",
            "periodType": "duration",
            "dataType": "nonnum:domainItemType"
        },
        {
            "type": "Concept",
            "localName": "TM",
            "isAbstract": "true",
            "label": "country:TM",
            "periodType": "duration",
            "dataType": "nonnum:domainItemType"
        },
        {
            "type": "Concept",
            "localName": "TN",
            "isAbstract": "true",
            "label": "country:TN",
            "periodType": "duration",
            "dataType": "nonnum:domainItemType"
        },
        {
            "type": "Concept",
            "localName": "AW",
            "isAbstract": "true",
            "label": "country:AW",
            "periodType": "duration",
            "dataType": "nonnum:domainItemType"
        },
        {
            "type": "Concept",
            "localName": "AL",
            "isAbstract": "true",
            "label": "country:AL",
            "periodType": "duration",
            "dataType": "nonnum:domainItemType"
        },
        {
            "type": "Concept",
            "localName": "MV",
            "isAbstract": "true",
            "label": "country:MV",
            "periodType": "duration",
            "dataType": "nonnum:domainItemType"
        },
        {
            "type": "Concept",
            "localName": "LS",
            "isAbstract": "true",
            "label": "country:LS",
            "periodType": "duration",
            "dataType": "nonnum:domainItemType"
        },
        {
            "type": "Concept",
            "localName": "NE",
            "isAbstract": "true",
            "label": "country:NE",
            "periodType": "duration",
            "dataType": "nonnum:domainItemType"
        },
        {
            "type": "Concept",
            "localName": "VC",
            "isAbstract": "true",
            "label": "country:VC",
            "periodType": "duration",
            "dataType": "nonnum:domainItemType"
        },
        {
            "type": "Concept",
            "localName": "GE",
            "isAbstract": "true",
            "label": "country:GE",
            "periodType": "duration",
            "dataType": "nonnum:domainItemType"
        },
        {
            "type": "Concept",
            "localName": "HT",
            "isAbstract": "true",
            "label": "country:HT",
            "periodType": "duration",
            "dataType": "nonnum:domainItemType"
        },
        {
            "type": "Concept",
            "localName": "MM",
            "isAbstract": "true",
            "label": "country:MM",
            "periodType": "duration",
            "dataType": "nonnum:domainItemType"
        },
        {
            "type": "Concept",
            "localName": "SE",
            "isAbstract": "true",
            "label": "country:SE",
            "periodType": "duration",
            "dataType": "nonnum:domainItemType"
        },
        {
            "type": "Concept",
            "localName": "KI",
            "isAbstract": "true",
            "label": "country:KI",
            "periodType": "duration",
            "dataType": "nonnum:domainItemType"
        },
        {
            "type": "Concept",
            "localName": "CG",
            "isAbstract": "true",
            "label": "country:CG",
            "periodType": "duration",
            "dataType": "nonnum:domainItemType"
        },
        {
            "type": "Concept",
            "localName": "UM",
            "isAbstract": "true",
            "label": "country:UM",
            "periodType": "duration",
            "dataType": "nonnum:domainItemType"
        },
        {
            "type": "Concept",
            "localName": "TW",
            "isAbstract": "true",
            "label": "country:TW",
            "periodType": "duration",
            "dataType": "nonnum:domainItemType"
        },
        {
            "type": "Concept",
            "localName": "TL",
            "isAbstract": "true",
            "label": "country:TL",
            "periodType": "duration",
            "dataType": "nonnum:domainItemType"
        },
        {
            "type": "Concept",
            "localName": "TT",
            "isAbstract": "true",
            "label": "country:TT",
            "periodType": "duration",
            "dataType": "nonnum:domainItemType"
        },
        {
            "type": "Concept",
            "localName": "NG",
            "isAbstract": "true",
            "label": "country:NG",
            "periodType": "duration",
            "dataType": "nonnum:domainItemType"
        },
        {
            "type": "Concept",
            "localName": "FI",
            "isAbstract": "true",
            "label": "country:FI",
            "periodType": "duration",
            "dataType": "nonnum:domainItemType"
        },
        {
            "type": "Concept",
            "localName": "GN",
            "isAbstract": "true",
            "label": "country:GN",
            "periodType": "duration",
            "dataType": "nonnum:domainItemType"
        },
        {
            "type": "Concept",
            "localName": "ID",
            "isAbstract": "true",
            "label": "country:ID",
            "periodType": "duration",
            "dataType": "nonnum:domainItemType"
        },
        {
            "type": "Concept",
            "localName": "RE",
            "isAbstract": "true",
            "label": "country:RE",
            "periodType": "duration",
            "dataType": "nonnum:domainItemType"
        },
        {
            "type": "Concept",
            "localName": "RW",
            "isAbstract": "true",
            "label": "country:RW",
            "periodType": "duration",
            "dataType": "nonnum:domainItemType"
        },
        {
            "type": "Concept",
            "localName": "AT",
            "isAbstract": "true",
            "label": "country:AT",
            "periodType": "duration",
            "dataType": "nonnum:domainItemType"
        },
        {
            "type": "Concept",
            "localName": "GU",
            "isAbstract": "true",
            "label": "country:GU",
            "periodType": "duration",
            "dataType": "nonnum:domainItemType"
        },
        {
            "type": "Concept",
            "localName": "HN",
            "isAbstract": "true",
            "label": "country:HN",
            "periodType": "duration",
            "dataType": "nonnum:domainItemType"
        },
        {
            "type": "Concept",
            "localName": "ST",
            "isAbstract": "true",
            "label": "country:ST",
            "periodType": "duration",
            "dataType": "nonnum:domainItemType"
        },
        {
            "type": "Concept",
            "localName": "IY",
            "isAbstract": "true",
            "label": "country:IY",
            "periodType": "duration",
            "dataType": "nonnum:domainItemType"
        },
        {
            "type": "Concept",
            "localName": "BI",
            "isAbstract": "true",
            "label": "country:BI",
            "periodType": "duration",
            "dataType": "nonnum:domainItemType"
        },
        {
            "type": "Concept",
            "localName": "CD",
            "isAbstract": "true",
            "label": "country:CD",
            "periodType": "duration",
            "dataType": "nonnum:domainItemType"
        },
        {
            "type": "Concept",
            "localName": "PQ",
            "isAbstract": "true",
            "label": "country:PQ",
            "periodType": "duration",
            "dataType": "nonnum:domainItemType"
        },
        {
            "type": "Concept",
            "localName": "MA",
            "isAbstract": "true",
            "label": "country:MA",
            "periodType": "duration",
            "dataType": "nonnum:domainItemType"
        },
        {
            "type": "Concept",
            "localName": "UG",
            "isAbstract": "true",
            "label": "country:UG",
            "periodType": "duration",
            "dataType": "nonnum:domainItemType"
        },
        {
            "type": "Concept",
            "localName": "MX",
            "isAbstract": "true",
            "label": "country:MX",
            "periodType": "duration",
            "dataType": "nonnum:domainItemType"
        },
        {
            "type": "Concept",
            "localName": "ZA",
            "isAbstract": "true",
            "label": "country:ZA",
            "periodType": "duration",
            "dataType": "nonnum:domainItemType"
        },
        {
            "type": "Concept",
            "localName": "IE",
            "isAbstract": "true",
            "label": "country:IE",
            "periodType": "duration",
            "dataType": "nonnum:domainItemType"
        },
        {
            "type": "Concept",
            "localName": "FJ",
            "isAbstract": "true",
            "label": "country:FJ",
            "periodType": "duration",
            "dataType": "nonnum:domainItemType"
        },
        {
            "type": "Concept",
            "localName": "TV",
            "isAbstract": "true",
            "label": "country:TV",
            "periodType": "duration",
            "dataType": "nonnum:domainItemType"
        },
        {
            "type": "Concept",
            "localName": "HK",
            "isAbstract": "true",
            "label": "country:HK",
            "periodType": "duration",
            "dataType": "nonnum:domainItemType"
        },
        {
            "type": "Concept",
            "localName": "PR",
            "isAbstract": "true",
            "label": "country:PR",
            "periodType": "duration",
            "dataType": "nonnum:domainItemType"
        },
        {
            "type": "Concept",
            "localName": "WS",
            "isAbstract": "true",
            "label": "country:WS",
            "periodType": "duration",
            "dataType": "nonnum:domainItemType"
        },
        {
            "type": "Concept",
            "localName": "BS",
            "isAbstract": "true",
            "label": "country:BS",
            "periodType": "duration",
            "dataType": "nonnum:domainItemType"
        },
        {
            "type": "Concept",
            "localName": "EG",
            "isAbstract": "true",
            "label": "country:EG",
            "periodType": "duration",
            "dataType": "nonnum:domainItemType"
        },
        {
            "type": "Concept",
            "localName": "QA",
            "isAbstract": "true",
            "label": "country:QA",
            "periodType": "duration",
            "dataType": "nonnum:domainItemType"
        },
        {
            "type": "Concept",
            "localName": "DO",
            "isAbstract": "true",
            "label": "country:DO",
            "periodType": "duration",
            "dataType": "nonnum:domainItemType"
        },
        {
            "type": "Concept",
            "localName": "MZ",
            "isAbstract": "true",
            "label": "country:MZ",
            "periodType": "duration",
            "dataType": "nonnum:domainItemType"
        },
        {
            "type": "Concept",
            "localName": "SN",
            "isAbstract": "true",
            "label": "country:SN",
            "periodType": "duration",
            "dataType": "nonnum:domainItemType"
        },
        {
            "type": "Concept",
            "localName": "IR",
            "isAbstract": "true",
            "label": "country:IR",
            "periodType": "duration",
            "dataType": "nonnum:domainItemType"
        },
        {
            "type": "Concept",
            "localName": "SR",
            "isAbstract": "true",
            "label": "country:SR",
            "periodType": "duration",
            "dataType": "nonnum:domainItemType"
        },
        {
            "type": "Concept",
            "localName": "CK",
            "isAbstract": "true",
            "label": "country:CK",
            "periodType": "duration",
            "dataType": "nonnum:domainItemType"
        },
        {
            "type": "Concept",
            "localName": "SB",
            "isAbstract": "true",
            "label": "country:SB",
            "periodType": "duration",
            "dataType": "nonnum:domainItemType"
        },
        {
            "type": "Concept",
            "localName": "EH",
            "isAbstract": "true",
            "label": "country:EH",
            "periodType": "duration",
            "dataType": "nonnum:domainItemType"
        },
        {
            "type": "Concept",
            "localName": "EQ",
            "isAbstract": "true",
            "label": "country:EQ",
            "periodType": "duration",
            "dataType": "nonnum:domainItemType"
        },
        {
            "type": "Concept",
            "localName": "KM",
            "isAbstract": "true",
            "label": "country:KM",
            "periodType": "duration",
            "dataType": "nonnum:domainItemType"
        },
        {
            "type": "Concept",
            "localName": "CU",
            "isAbstract": "true",
            "label": "country:CU",
            "periodType": "duration",
            "dataType": "nonnum:domainItemType"
        },
        {
            "type": "Concept",
            "localName": "AS",
            "isAbstract": "true",
            "label": "country:AS",
            "periodType": "duration",
            "dataType": "nonnum:domainItemType"
        },
        {
            "type": "Concept",
            "localName": "BR",
            "isAbstract": "true",
            "label": "country:BR",
            "periodType": "duration",
            "dataType": "nonnum:domainItemType"
        },
        {
            "type": "Concept",
            "localName": "CO",
            "isAbstract": "true",
            "label": "country:CO",
            "periodType": "duration",
            "dataType": "nonnum:domainItemType"
        },
        {
            "type": "Concept",
            "localName": "MG",
            "isAbstract": "true",
            "label": "country:MG",
            "periodType": "duration",
            "dataType": "nonnum:domainItemType"
        },
        {
            "type": "Concept",
            "localName": "GM",
            "isAbstract": "true",
            "label": "country:GM",
            "periodType": "duration",
            "dataType": "nonnum:domainItemType"
        },
        {
            "type": "Concept",
            "localName": "MQ",
            "isAbstract": "true",
            "label": "country:MQ",
            "periodType": "duration",
            "dataType": "nonnum:domainItemType"
        },
        {
            "type": "Concept",
            "localName": "AX",
            "isAbstract": "true",
            "label": "country:AX",
            "periodType": "duration",
            "dataType": "nonnum:domainItemType"
        },
        {
            "type": "Concept",
            "localName": "PS",
            "isAbstract": "true",
            "label": "country:PS",
            "periodType": "duration",
            "dataType": "nonnum:domainItemType"
        },
        {
            "type": "Concept",
            "localName": "IW",
            "isAbstract": "true",
            "label": "country:IW",
            "periodType": "duration",
            "dataType": "nonnum:domainItemType"
        },
        {
            "type": "Concept",
            "localName": "BV",
            "isAbstract": "true",
            "label": "country:BV",
            "periodType": "duration",
            "dataType": "nonnum:domainItemType"
        },
        {
            "type": "Concept",
            "localName": "LK",
            "isAbstract": "true",
            "label": "country:LK",
            "periodType": "duration",
            "dataType": "nonnum:domainItemType"
        },
        {
            "type": "Concept",
            "localName": "IN",
            "isAbstract": "true",
            "label": "country:IN",
            "periodType": "duration",
            "dataType": "nonnum:domainItemType"
        },
        {
            "type": "Concept",
            "localName": "TK",
            "isAbstract": "true",
            "label": "country:TK",
            "periodType": "duration",
            "dataType": "nonnum:domainItemType"
        },
        {
            "type": "Concept",
            "localName": "SY",
            "isAbstract": "true",
            "label": "country:SY",
            "periodType": "duration",
            "dataType": "nonnum:domainItemType"
        },
        {
            "type": "Concept",
            "localName": "LA",
            "isAbstract": "true",
            "label": "country:LA",
            "periodType": "duration",
            "dataType": "nonnum:domainItemType"
        },
        {
            "type": "Concept",
            "localName": "HM",
            "isAbstract": "true",
            "label": "country:HM",
            "periodType": "duration",
            "dataType": "nonnum:domainItemType"
        },
        {
            "type": "Concept",
            "localName": "KZ",
            "isAbstract": "true",
            "label": "country:KZ",
            "periodType": "duration",
            "dataType": "nonnum:domainItemType"
        },
        {
            "type": "Concept",
            "localName": "PA",
            "isAbstract": "true",
            "label": "country:PA",
            "periodType": "duration",
            "dataType": "nonnum:domainItemType"
        },
        {
            "type": "Concept",
            "localName": "LC",
            "isAbstract": "true",
            "label": "country:LC",
            "periodType": "duration",
            "dataType": "nonnum:domainItemType"
        },
        {
            "type": "Concept",
            "localName": "LU",
            "isAbstract": "true",
            "label": "country:LU",
            "periodType": "duration",
            "dataType": "nonnum:domainItemType"
        },
        {
            "type": "Concept",
            "localName": "GS",
            "isAbstract": "true",
            "label": "country:GS",
            "periodType": "duration",
            "dataType": "nonnum:domainItemType"
        },
        {
            "type": "Concept",
            "localName": "NC",
            "isAbstract": "true",
            "label": "country:NC",
            "periodType": "duration",
            "dataType": "nonnum:domainItemType"
        },
        {
            "type": "Concept",
            "localName": "TJ",
            "isAbstract": "true",
            "label": "country:TJ",
            "periodType": "duration",
            "dataType": "nonnum:domainItemType"
        },
        {
            "type": "Concept",
            "localName": "GR",
            "isAbstract": "true",
            "label": "country:GR",
            "periodType": "duration",
            "dataType": "nonnum:domainItemType"
        },
        {
            "type": "Concept",
            "localName": "CI",
            "isAbstract": "true",
            "label": "country:CI",
            "periodType": "duration",
            "dataType": "nonnum:domainItemType"
        },
        {
            "type": "Concept",
            "localName": "ME",
            "isAbstract": "true",
            "label": "country:ME",
            "periodType": "duration",
            "dataType": "nonnum:domainItemType"
        },
        {
            "type": "Concept",
            "localName": "WQ",
            "isAbstract": "true",
            "label": "country:WQ",
            "periodType": "duration",
            "dataType": "nonnum:domainItemType"
        },
        {
            "type": "Concept",
            "localName": "LB",
            "isAbstract": "true",
            "label": "country:LB",
            "periodType": "duration",
            "dataType": "nonnum:domainItemType"
        },
        {
            "type": "Concept",
            "localName": "AO",
            "isAbstract": "true",
            "label": "country:AO",
            "periodType": "duration",
            "dataType": "nonnum:domainItemType"
        },
        {
            "type": "Concept",
            "localName": "MK",
            "isAbstract": "true",
            "label": "country:MK",
            "periodType": "duration",
            "dataType": "nonnum:domainItemType"
        },
        {
            "type": "Concept",
            "localName": "ML",
            "isAbstract": "true",
            "label": "country:ML",
            "periodType": "duration",
            "dataType": "nonnum:domainItemType"
        },
        {
            "type": "Concept",
            "localName": "BO",
            "isAbstract": "true",
            "label": "country:BO",
            "periodType": "duration",
            "dataType": "nonnum:domainItemType"
        },
        {
            "type": "Concept",
            "localName": "MF",
            "isAbstract": "true",
            "label": "country:MF",
            "periodType": "duration",
            "dataType": "nonnum:domainItemType"
        },
        {
            "type": "Concept",
            "localName": "MN",
            "isAbstract": "true",
            "label": "country:MN",
            "periodType": "duration",
            "dataType": "nonnum:domainItemType"
        },
        {
            "type": "Concept",
            "localName": "PF",
            "isAbstract": "true",
            "label": "country:PF",
            "periodType": "duration",
            "dataType": "nonnum:domainItemType"
        },
        {
            "type": "Concept",
            "localName": "GP",
            "isAbstract": "true",
            "label": "country:GP",
            "periodType": "duration",
            "dataType": "nonnum:domainItemType"
        },
        {
            "type": "Concept",
            "localName": "SK",
            "isAbstract": "true",
            "label": "country:SK",
            "periodType": "duration",
            "dataType": "nonnum:domainItemType"
        },
        {
            "type": "Concept",
            "localName": "SG",
            "isAbstract": "true",
            "label": "country:SG",
            "periodType": "duration",
            "dataType": "nonnum:domainItemType"
        },
        {
            "type": "Concept",
            "localName": "LY",
            "isAbstract": "true",
            "label": "country:LY",
            "periodType": "duration",
            "dataType": "nonnum:domainItemType"
        },
        {
            "type": "Concept",
            "localName": "SI",
            "isAbstract": "true",
            "label": "country:SI",
            "periodType": "duration",
            "dataType": "nonnum:domainItemType"
        },
        {
            "type": "Concept",
            "localName": "TH",
            "isAbstract": "true",
            "label": "country:TH",
            "periodType": "duration",
            "dataType": "nonnum:domainItemType"
        },
        {
            "type": "Concept",
            "localName": "VA",
            "isAbstract": "true",
            "label": "country:VA",
            "periodType": "duration",
            "dataType": "nonnum:domainItemType"
        },
        {
            "type": "Concept",
            "localName": "ES",
            "isAbstract": "true",
            "label": "country:ES",
            "periodType": "duration",
            "dataType": "nonnum:domainItemType"
        },
        {
            "type": "Concept",
            "localName": "NZ",
            "isAbstract": "true",
            "label": "country:NZ",
            "periodType": "duration",
            "dataType": "nonnum:domainItemType"
        },
        {
            "type": "Concept",
            "localName": "NU",
            "isAbstract": "true",
            "label": "country:NU",
            "periodType": "duration",
            "dataType": "nonnum:domainItemType"
        },
        {
            "type": "Concept",
            "localName": "BA",
            "isAbstract": "true",
            "label": "country:BA",
            "periodType": "duration",
            "dataType": "nonnum:domainItemType"
        },
        {
            "type": "Concept",
            "localName": "CM",
            "isAbstract": "true",
            "label": "country:CM",
            "periodType": "duration",
            "dataType": "nonnum:domainItemType"
        },
        {
            "type": "Concept",
            "localName": "CL",
            "isAbstract": "true",
            "label": "country:CL",
            "periodType": "duration",
            "dataType": "nonnum:domainItemType"
        },
        {
            "type": "Concept",
            "localName": "BT",
            "isAbstract": "true",
            "label": "country:BT",
            "periodType": "duration",
            "dataType": "nonnum:domainItemType"
        },
        {
            "type": "Concept",
            "localName": "CH",
            "isAbstract": "true",
            "label": "country:CH",
            "periodType": "duration",
            "dataType": "nonnum:domainItemType"
        },
        {
            "type": "Concept",
            "localName": "JQ",
            "isAbstract": "true",
            "label": "country:JQ",
            "periodType": "duration",
            "dataType": "nonnum:domainItemType"
        },
        {
            "type": "Concept",
            "localName": "PT",
            "isAbstract": "true",
            "label": "country:PT",
            "periodType": "duration",
            "dataType": "nonnum:domainItemType"
        },
        {
            "type": "Concept",
            "localName": "SC",
            "isAbstract": "true",
            "label": "country:SC",
            "periodType": "duration",
            "dataType": "nonnum:domainItemType"
        },
        {
            "type": "Concept",
            "localName": "BM",
            "isAbstract": "true",
            "label": "country:BM",
            "periodType": "duration",
            "dataType": "nonnum:domainItemType"
        },
        {
            "type": "Concept",
            "localName": "AG",
            "isAbstract": "true",
            "label": "country:AG",
            "periodType": "duration",
            "dataType": "nonnum:domainItemType"
        },
        {
            "type": "Concept",
            "localName": "GH",
            "isAbstract": "true",
            "label": "country:GH",
            "periodType": "duration",
            "dataType": "nonnum:domainItemType"
        },
        {
            "type": "Concept",
            "localName": "NF",
            "isAbstract": "true",
            "label": "country:NF",
            "periodType": "duration",
            "dataType": "nonnum:domainItemType"
        },
        {
            "type": "Concept",
            "localName": "BF",
            "isAbstract": "true",
            "label": "country:BF",
            "periodType": "duration",
            "dataType": "nonnum:domainItemType"
        },
        {
            "type": "Concept",
            "localName": "SH",
            "isAbstract": "true",
            "label": "country:SH",
            "periodType": "duration",
            "dataType": "nonnum:domainItemType"
        },
        {
            "type": "Concept",
            "localName": "AQ",
            "isAbstract": "true",
            "label": "country:AQ",
            "periodType": "duration",
            "dataType": "nonnum:domainItemType"
        },
        {
            "type": "Concept",
            "localName": "KH",
            "isAbstract": "true",
            "label": "country:KH",
            "periodType": "duration",
            "dataType": "nonnum:domainItemType"
        },
        {
            "type": "Concept",
            "localName": "JP",
            "isAbstract": "true",
            "label": "country:JP",
            "periodType": "duration",
            "dataType": "nonnum:domainItemType"
        },
        {
            "type": "Concept",
            "localName": "NR",
            "isAbstract": "true",
            "label": "country:NR",
            "periodType": "duration",
            "dataType": "nonnum:domainItemType"
        },
        {
            "type": "Concept",
            "localName": "MS",
            "isAbstract": "true",
            "label": "country:MS",
            "periodType": "duration",
            "dataType": "nonnum:domainItemType"
        },
        {
            "type": "Concept",
            "localName": "FM",
            "isAbstract": "true",
            "label": "country:FM",
            "periodType": "duration",
            "dataType": "nonnum:domainItemType"
        },
        {
            "type": "Concept",
            "localName": "SO",
            "isAbstract": "true",
            "label": "country:SO",
            "periodType": "duration",
            "dataType": "nonnum:domainItemType"
        },
        {
            "type": "Concept",
            "localName": "KR",
            "isAbstract": "true",
            "label": "country:KR",
            "periodType": "duration",
            "dataType": "nonnum:domainItemType"
        },
        {
            "type": "Concept",
            "localName": "PW",
            "isAbstract": "true",
            "label": "country:PW",
            "periodType": "duration",
            "dataType": "nonnum:domainItemType"
        },
        {
            "type": "Concept",
            "localName": "SJ",
            "isAbstract": "true",
            "label": "country:SJ",
            "periodType": "duration",
            "dataType": "nonnum:domainItemType"
        },
        {
            "type": "Concept",
            "localName": "GT",
            "isAbstract": "true",
            "label": "country:GT",
            "periodType": "duration",
            "dataType": "nonnum:domainItemType"
        },
        {
            "type": "Concept",
            "localName": "SS",
            "isAbstract": "true",
            "label": "country:SS",
            "periodType": "duration",
            "dataType": "nonnum:domainItemType"
        },
        {
            "type": "Concept",
            "localName": "PY",
            "isAbstract": "true",
            "label": "country:PY",
            "periodType": "duration",
            "dataType": "nonnum:domainItemType"
        },
        {
            "type": "Concept",
            "localName": "SM",
            "isAbstract": "true",
            "label": "country:SM",
            "periodType": "duration",
            "dataType": "nonnum:domainItemType"
        },
        {
            "type": "Concept",
            "localName": "LV",
            "isAbstract": "true",
            "label": "country:LV",
            "periodType": "duration",
            "dataType": "nonnum:domainItemType"
        },
        {
            "type": "Concept",
            "localName": "BL",
            "isAbstract": "true",
            "label": "country:BL",
            "periodType": "duration",
            "dataType": "nonnum:domainItemType"
        },
        {
            "type": "Concept",
            "localName": "AE",
            "isAbstract": "true",
            "label": "country:AE",
            "periodType": "duration",
            "dataType": "nonnum:domainItemType"
        },
        {
            "type": "Concept",
            "localName": "GZ",
            "isAbstract": "true",
            "label": "country:GZ",
            "periodType": "duration",
            "dataType": "nonnum:domainItemType"
        },
        {
            "type": "Concept",
            "localName": "SX",
            "isAbstract": "true",
            "label": "country:SX",
            "periodType": "duration",
            "dataType": "nonnum:domainItemType"
        },
        {
            "type": "Concept",
            "localName": "EE",
            "isAbstract": "true",
            "label": "country:EE",
            "periodType": "duration",
            "dataType": "nonnum:domainItemType"
        },
        {
            "type": "Concept",
            "localName": "VI",
            "isAbstract": "true",
            "label": "country:VI",
            "periodType": "duration",
            "dataType": "nonnum:domainItemType"
        },
        {
            "type": "Concept",
            "localName": "KY",
            "isAbstract": "true",
            "label": "country:KY",
            "periodType": "duration",
            "dataType": "nonnum:domainItemType"
        },
        {
            "type": "Concept",
            "localName": "YU",
            "isAbstract": "true",
            "label": "country:YU",
            "periodType": "duration",
            "dataType": "nonnum:domainItemType"
        },
        {
            "type": "Concept",
            "localName": "BE",
            "isAbstract": "true",
            "label": "country:BE",
            "periodType": "duration",
            "dataType": "nonnum:domainItemType"
        },
        {
            "type": "Concept",
            "localName": "LI",
            "isAbstract": "true",
            "label": "country:LI",
            "periodType": "duration",
            "dataType": "nonnum:domainItemType"
        },
        {
            "type": "Concept",
            "localName": "SZ",
            "isAbstract": "true",
            "label": "country:SZ",
            "periodType": "duration",
            "dataType": "nonnum:domainItemType"
        },
        {
            "type": "Concept",
            "localName": "OM",
            "isAbstract": "true",
            "label": "country:OM",
            "periodType": "duration",
            "dataType": "nonnum:domainItemType"
        },
        {
            "type": "Concept",
            "localName": "DM",
            "isAbstract": "true",
            "label": "country:DM",
            "periodType": "duration",
            "dataType": "nonnum:domainItemType"
        },
        {
            "type": "Concept",
            "localName": "US",
            "isAbstract": "true",
            "label": "country:US",
            "periodType": "duration",
            "dataType": "nonnum:domainItemType"
        },
        {
            "type": "Concept",
            "localName": "SV",
            "isAbstract": "true",
            "label": "country:SV",
            "periodType": "duration",
            "dataType": "nonnum:domainItemType"
        },
        {
            "type": "Concept",
            "localName": "AI",
            "isAbstract": "true",
            "label": "country:AI",
            "periodType": "duration",
            "dataType": "nonnum:domainItemType"
        },
        {
            "type": "Concept",
            "localName": "IT",
            "isAbstract": "true",
            "label": "country:IT",
            "periodType": "duration",
            "dataType": "nonnum:domainItemType"
        },
        {
            "type": "Concept",
            "localName": "AU",
            "isAbstract": "true",
            "label": "country:AU",
            "periodType": "duration",
            "dataType": "nonnum:domainItemType"
        },
        {
            "type": "Concept",
            "localName": "VE",
            "isAbstract": "true",
            "label": "country:VE",
            "periodType": "duration",
            "dataType": "nonnum:domainItemType"
        },
        {
            "type": "Concept",
            "localName": "RS",
            "isAbstract": "true",
            "label": "country:RS",
            "periodType": "duration",
            "dataType": "nonnum:domainItemType"
        },
        {
            "type": "Concept",
            "localName": "VN",
            "isAbstract": "true",
            "label": "country:VN",
            "periodType": "duration",
            "dataType": "nonnum:domainItemType"
        },
        {
            "type": "Concept",
            "localName": "DZ",
            "isAbstract": "true",
            "label": "country:DZ",
            "periodType": "duration",
            "dataType": "nonnum:domainItemType"
        },
        {
            "type": "Concept",
            "localName": "DE",
            "isAbstract": "true",
            "label": "country:DE",
            "periodType": "duration",
            "dataType": "nonnum:domainItemType"
        },
        {
            "type": "Concept",
            "localName": "GB",
            "isAbstract": "true",
            "label": "country:GB",
            "periodType": "duration",
            "dataType": "nonnum:domainItemType"
        },
        {
            "type": "Concept",
            "localName": "LT",
            "isAbstract": "true",
            "label": "country:LT",
            "periodType": "duration",
            "dataType": "nonnum:domainItemType"
        },
        {
            "type": "Concept",
            "localName": "AR",
            "isAbstract": "true",
            "label": "country:AR",
            "periodType": "duration",
            "dataType": "nonnum:domainItemType"
        },
        {
            "type": "Concept",
            "localName": "IS",
            "isAbstract": "true",
            "label": "country:IS",
            "periodType": "duration",
            "dataType": "nonnum:domainItemType"
        },
        {
            "type": "Concept",
            "localName": "CV",
            "isAbstract": "true",
            "label": "country:CV",
            "periodType": "duration",
            "dataType": "nonnum:domainItemType"
        },
        {
            "type": "Concept",
            "localName": "MR",
            "isAbstract": "true",
            "label": "country:MR",
            "periodType": "duration",
            "dataType": "nonnum:domainItemType"
        },
        {
            "type": "Concept",
            "localName": "DK",
            "isAbstract": "true",
            "label": "country:DK",
            "periodType": "duration",
            "dataType": "nonnum:domainItemType"
        },
        {
            "type": "Concept",
            "localName": "BY",
            "isAbstract": "true",
            "label": "country:BY",
            "periodType": "duration",
            "dataType": "nonnum:domainItemType"
        },
        {
            "type": "Concept",
            "localName": "FO",
            "isAbstract": "true",
            "label": "country:FO",
            "periodType": "duration",
            "dataType": "nonnum:domainItemType"
        },
        {
            "type": "Concept",
            "localName": "NI",
            "isAbstract": "true",
            "label": "country:NI",
            "periodType": "duration",
            "dataType": "nonnum:domainItemType"
        },
        {
            "type": "Concept",
            "localName": "XX",
            "isAbstract": "true",
            "label": "country:XX",
            "periodType": "duration",
            "dataType": "nonnum:domainItemType"
        },
        {
            "type": "Concept",
            "localName": "ZM",
            "isAbstract": "true",
            "label": "country:ZM",
            "periodType": "duration",
            "dataType": "nonnum:domainItemType"
        },
        {
            "type": "Concept",
            "localName": "BZ",
            "isAbstract": "true",
            "label": "country:BZ",
            "periodType": "duration",
            "dataType": "nonnum:domainItemType"
        },
        {
            "type": "Concept",
            "localName": "HU",
            "isAbstract": "true",
            "label": "country:HU",
            "periodType": "duration",
            "dataType": "nonnum:domainItemType"
        },
        {
            "type": "Concept",
            "localName": "IL",
            "isAbstract": "true",
            "label": "country:IL",
            "periodType": "duration",
            "dataType": "nonnum:domainItemType"
        },
        {
            "type": "Concept",
            "localName": "KP",
            "isAbstract": "true",
            "label": "country:KP",
            "periodType": "duration",
            "dataType": "nonnum:domainItemType"
        },
        {
            "type": "Concept",
            "localName": "JO",
            "isAbstract": "true",
            "label": "country:JO",
            "periodType": "duration",
            "dataType": "nonnum:domainItemType"
        },
        {
            "type": "Concept",
            "localName": "RU",
            "isAbstract": "true",
            "label": "country:RU",
            "periodType": "duration",
            "dataType": "nonnum:domainItemType"
        },
        {
            "type": "Concept",
            "localName": "BJ",
            "isAbstract": "true",
            "label": "country:BJ",
            "periodType": "duration",
            "dataType": "nonnum:domainItemType"
        },
        {
            "type": "Concept",
            "localName": "AllCountriesDomain",
            "isAbstract": "true",
            "label": "country:AllCountriesDomain",
            "periodType": "duration",
            "dataType": "nonnum:domainItemType"
        },
        {
            "type": "Concept",
            "localName": "BW",
            "isAbstract": "true",
            "label": "country:BW",
            "periodType": "duration",
            "dataType": "nonnum:domainItemType"
        },
        {
            "type": "Concept",
            "localName": "UA",
            "isAbstract": "true",
            "label": "country:UA",
            "periodType": "duration",
            "dataType": "nonnum:domainItemType"
        },
        {
            "type": "Concept",
            "localName": "AN",
            "isAbstract": "true",
            "label": "country:AN",
            "periodType": "duration",
            "dataType": "nonnum:domainItemType"
        },
        {
            "type": "Concept",
            "localName": "TC",
            "isAbstract": "true",
            "label": "country:TC",
            "periodType": "duration",
            "dataType": "nonnum:domainItemType"
        },
        {
            "type": "Concept",
            "localName": "FR",
            "isAbstract": "true",
            "label": "country:FR",
            "periodType": "duration",
            "dataType": "nonnum:domainItemType"
        },
        {
            "type": "Concept",
            "localName": "IO",
            "isAbstract": "true",
            "label": "country:IO",
            "periodType": "duration",
            "dataType": "nonnum:domainItemType"
        },
        {
            "type": "Concept",
            "localName": "TO",
            "isAbstract": "true",
            "label": "country:TO",
            "periodType": "duration",
            "dataType": "nonnum:domainItemType"
        },
        {
            "type": "Concept",
            "localName": "IU",
            "isAbstract": "true",
            "label": "country:IU",
            "periodType": "duration",
            "dataType": "nonnum:domainItemType"
        },
        {
            "type": "Concept",
            "localName": "MD",
            "isAbstract": "true",
            "label": "country:MD",
            "periodType": "duration",
            "dataType": "nonnum:domainItemType"
        },
        {
            "type": "Concept",
            "localName": "YE",
            "isAbstract": "true",
            "label": "country:YE",
            "periodType": "duration",
            "dataType": "nonnum:domainItemType"
        },
        {
            "type": "Concept",
            "localName": "BD",
            "isAbstract": "true",
            "label": "country:BD",
            "periodType": "duration",
            "dataType": "nonnum:domainItemType"
        },
        {
            "type": "Concept",
            "localName": "GC",
            "isAbstract": "true",
            "label": "country:GC",
            "periodType": "duration",
            "dataType": "nonnum:domainItemType"
        },
        {
            "type": "Concept",
            "localName": "IM",
            "isAbstract": "true",
            "label": "country:IM",
            "periodType": "duration",
            "dataType": "nonnum:domainItemType"
        },
        {
            "type": "Concept",
            "localName": "KN",
            "isAbstract": "true",
            "label": "country:KN",
            "periodType": "duration",
            "dataType": "nonnum:domainItemType"
        },
        {
            "type": "Concept",
            "localName": "LR",
            "isAbstract": "true",
            "label": "country:LR",
            "periodType": "duration",
            "dataType": "nonnum:domainItemType"
        },
        {
            "type": "Concept",
            "localName": "PH",
            "isAbstract": "true",
            "label": "country:PH",
            "periodType": "duration",
            "dataType": "nonnum:domainItemType"
        },
        {
            "type": "Concept",
            "localName": "PM",
            "isAbstract": "true",
            "label": "country:PM",
            "periodType": "duration",
            "dataType": "nonnum:domainItemType"
        },
        {
            "type": "Concept",
            "localName": "AZ",
            "isAbstract": "true",
            "label": "country:AZ",
            "periodType": "duration",
            "dataType": "nonnum:domainItemType"
        },
        {
            "type": "Concept",
            "localName": "IQ",
            "isAbstract": "true",
            "label": "country:IQ",
            "periodType": "duration",
            "dataType": "nonnum:domainItemType"
        },
        {
            "type": "Concept",
            "localName": "MH",
            "isAbstract": "true",
            "label": "country:MH",
            "periodType": "duration",
            "dataType": "nonnum:domainItemType"
        },
        {
            "type": "Concept",
            "localName": "GA",
            "isAbstract": "true",
            "label": "country:GA",
            "periodType": "duration",
            "dataType": "nonnum:domainItemType"
        },
        {
            "type": "Concept",
            "localName": "RO",
            "isAbstract": "true",
            "label": "country:RO",
            "periodType": "duration",
            "dataType": "nonnum:domainItemType"
        },
        {
            "type": "Concept",
            "localName": "GI",
            "isAbstract": "true",
            "label": "country:GI",
            "periodType": "duration",
            "dataType": "nonnum:domainItemType"
        },
        {
            "type": "Concept",
            "localName": "SA",
            "isAbstract": "true",
            "label": "country:SA",
            "periodType": "duration",
            "dataType": "nonnum:domainItemType"
        },
        {
            "type": "Concept",
            "localName": "TZ",
            "isAbstract": "true",
            "label": "country:TZ",
            "periodType": "duration",
            "dataType": "nonnum:domainItemType"
        },
        {
            "type": "Concept",
            "localName": "BQ",
            "isAbstract": "true",
            "label": "country:BQ",
            "periodType": "duration",
            "dataType": "nonnum:domainItemType"
        },
        {
            "type": "Concept",
            "localName": "GD",
            "isAbstract": "true",
            "label": "country:GD",
            "periodType": "duration",
            "dataType": "nonnum:domainItemType"
        },
        {
            "type": "Concept",
            "localName": "TD",
            "isAbstract": "true",
            "label": "country:TD",
            "periodType": "duration",
            "dataType": "nonnum:domainItemType"
        },
        {
            "type": "Concept",
            "localName": "TQ",
            "isAbstract": "true",
            "label": "country:TQ",
            "periodType": "duration",
            "dataType": "nonnum:domainItemType"
        },
        {
            "type": "Concept",
            "localName": "FK",
            "isAbstract": "true",
            "label": "country:FK",
            "periodType": "duration",
            "dataType": "nonnum:domainItemType"
        },
        {
            "type": "Concept",
            "localName": "MC",
            "isAbstract": "true",
            "label": "country:MC",
            "periodType": "duration",
            "dataType": "nonnum:domainItemType"
        },
        {
            "type": "Concept",
            "localName": "GL",
            "isAbstract": "true",
            "label": "country:GL",
            "periodType": "duration",
            "dataType": "nonnum:domainItemType"
        },
        {
            "type": "Concept",
            "localName": "KG",
            "isAbstract": "true",
            "label": "country:KG",
            "periodType": "duration",
            "dataType": "nonnum:domainItemType"
        },
        {
            "type": "Concept",
            "localName": "MY",
            "isAbstract": "true",
            "label": "country:MY",
            "periodType": "duration",
            "dataType": "nonnum:domainItemType"
        },
        {
            "type": "Concept",
            "localName": "CW",
            "isAbstract": "true",
            "label": "country:CW",
            "periodType": "duration",
            "dataType": "nonnum:domainItemType"
        },
        {
            "type": "Concept",
            "localName": "UY",
            "isAbstract": "true",
            "label": "country:UY",
            "periodType": "duration",
            "dataType": "nonnum:domainItemType"
        },
        {
            "type": "Concept",
            "localName": "CA",
            "isAbstract": "true",
            "label": "country:CA",
            "periodType": "duration",
            "dataType": "nonnum:domainItemType"
        },
        {
            "type": "Concept",
            "localName": "ER",
            "isAbstract": "true",
            "label": "country:ER",
            "periodType": "duration",
            "dataType": "nonnum:domainItemType"
        },
        {
            "type": "Concept",
            "localName": "MU",
            "isAbstract": "true",
            "label": "country:MU",
            "periodType": "duration",
            "dataType": "nonnum:domainItemType"
        },
        {
            "type": "Concept",
            "localName": "MT",
            "isAbstract": "true",
            "label": "country:MT",
            "periodType": "duration",
            "dataType": "nonnum:domainItemType"
        },
        {
            "type": "Concept",
            "localName": "CN",
            "isAbstract": "true",
            "label": "country:CN",
            "periodType": "duration",
            "dataType": "nonnum:domainItemType"
        },
        {
            "type": "Concept",
            "localName": "BN",
            "isAbstract": "true",
            "label": "country:BN",
            "periodType": "duration",
            "dataType": "nonnum:domainItemType"
        },
        {
            "type": "Concept",
            "localName": "WF",
            "isAbstract": "true",
            "label": "country:WF",
            "periodType": "duration",
            "dataType": "nonnum:domainItemType"
        },
        {
            "type": "Concept",
            "localName": "BB",
            "isAbstract": "true",
            "label": "country:BB",
            "periodType": "duration",
            "dataType": "nonnum:domainItemType"
        },
        {
            "type": "Concept",
            "localName": "CX",
            "isAbstract": "true",
            "label": "country:CX",
            "periodType": "duration",
            "dataType": "nonnum:domainItemType"
        },
        {
            "type": "Concept",
            "localName": "CC",
            "isAbstract": "true",
            "label": "country:CC",
            "periodType": "duration",
            "dataType": "nonnum:domainItemType"
        },
        {
            "type": "Concept",
            "localName": "GF",
            "isAbstract": "true",
            "label": "country:GF",
            "periodType": "duration",
            "dataType": "nonnum:domainItemType"
        },
        {
            "type": "Concept",
            "localName": "NA",
            "isAbstract": "true",
            "label": "country:NA",
            "periodType": "duration",
            "dataType": "nonnum:domainItemType"
        },
        {
            "type": "Concept",
            "localName": "GW",
            "isAbstract": "true",
            "label": "country:GW",
            "periodType": "duration",
            "dataType": "nonnum:domainItemType"
        },
        {
            "type": "Concept",
            "localName": "RH",
            "isAbstract": "true",
            "label": "country:RH",
            "periodType": "duration",
            "dataType": "nonnum:domainItemType"
        },
        {
            "type": "Concept",
            "localName": "DJ",
            "isAbstract": "true",
            "label": "country:DJ",
            "periodType": "duration",
            "dataType": "nonnum:domainItemType"
        },
        {
            "type": "Concept",
            "localName": "GQ",
            "isAbstract": "true",
            "label": "country:GQ",
            "periodType": "duration",
            "dataType": "nonnum:domainItemType"
        },
        {
            "type": "Concept",
            "localName": "MW",
            "isAbstract": "true",
            "label": "country:MW",
            "periodType": "duration",
            "dataType": "nonnum:domainItemType"
        },
        {
            "type": "Concept",
            "localName": "PE",
            "isAbstract": "true",
            "label": "country:PE",
            "periodType": "duration",
            "dataType": "nonnum:domainItemType"
        },
        {
            "type": "Concept",
            "localName": "TG",
            "isAbstract": "true",
            "label": "country:TG",
            "periodType": "duration",
            "dataType": "nonnum:domainItemType"
        },
        {
            "type": "Concept",
            "localName": "VG",
            "isAbstract": "true",
            "label": "country:VG",
            "periodType": "duration",
            "dataType": "nonnum:domainItemType"
        },
        {
            "type": "Concept",
            "localName": "YT",
            "isAbstract": "true",
            "label": "country:YT",
            "periodType": "duration",
            "dataType": "nonnum:domainItemType"
        },
        {
            "type": "Concept",
            "localName": "NP",
            "isAbstract": "true",
            "label": "country:NP",
            "periodType": "duration",
            "dataType": "nonnum:domainItemType"
        },
        {
            "type": "Concept",
            "localName": "UR",
            "isAbstract": "true",
            "label": "country:UR",
            "periodType": "duration",
            "dataType": "nonnum:domainItemType"
        },
        {
            "type": "Concept",
            "localName": "BG",
            "isAbstract": "true",
            "label": "country:BG",
            "periodType": "duration",
            "dataType": "nonnum:domainItemType"
        },
        {
            "type": "Concept",
            "localName": "EC",
            "isAbstract": "true",
            "label": "country:EC",
            "periodType": "duration",
            "dataType": "nonnum:domainItemType"
        },
        {
            "type": "Concept",
            "localName": "TF",
            "isAbstract": "true",
            "label": "country:TF",
            "periodType": "duration",
            "dataType": "nonnum:domainItemType"
        },
        {
            "type": "Concept",
            "localName": "TR",
            "isAbstract": "true",
            "label": "country:TR",
            "periodType": "duration",
            "dataType": "nonnum:domainItemType"
        },
        {
            "type": "Concept",
            "localName": "PK",
            "isAbstract": "true",
            "label": "country:PK",
            "periodType": "duration",
            "dataType": "nonnum:domainItemType"
        },
        {
            "type": "Concept",
            "localName": "CZ",
            "isAbstract": "true",
            "label": "country:CZ",
            "periodType": "duration",
            "dataType": "nonnum:domainItemType"
        },
        {
            "type": "Concept",
            "localName": "WB",
            "isAbstract": "true",
            "label": "country:WB",
            "periodType": "duration",
            "dataType": "nonnum:domainItemType"
        },
        {
            "type": "Concept",
            "localName": "AD",
            "isAbstract": "true",
            "label": "country:AD",
            "periodType": "duration",
            "dataType": "nonnum:domainItemType"
        },
        {
            "type": "Concept",
            "localName": "CY",
            "isAbstract": "true",
            "label": "country:CY",
            "periodType": "duration",
            "dataType": "nonnum:domainItemType"
        },
        {
            "type": "Concept",
            "localName": "PL",
            "isAbstract": "true",
            "label": "country:PL",
            "periodType": "duration",
            "dataType": "nonnum:domainItemType"
        }
    ]
}