{
    "http://fasb.org/us-types/2014-01-31": [
        {
            "label": "boeItemType",
            "type": "Type",
            "localName": "boeItemType"
        },
        {
            "label": "durationStringItemType",
            "type": "Type",
            "localName": "durationStringItemType"
        },
        {
            "label": "fundedStatusItemType",
            "type": "Type",
            "localName": "fundedStatusItemType"
        },
        {
            "label": "threeDigitItemType",
            "type": "Type",
            "localName": "threeDigitItemType"
        },
        {
            "label": "zoneStatusItemType",
            "type": "Type",
            "localName": "zoneStatusItemType"
        },
        {
            "label": "nineDigitItemType",
            "type": "Type",
            "localName": "nineDigitItemType"
        },
        {
            "label": "interestRateItemType",
            "type": "Type",
            "localName": "interestRateItemType"
        },
        {
            "label": "dateStringItemType",
            "type": "Type",
            "localName": "dateStringItemType"
        },
        {
            "label": "yesNoItemType",
            "type": "Type",
            "localName": "yesNoItemType"
        },
        {
            "label": "surchargeItemType",
            "type": "Type",
            "localName": "surchargeItemType"
        },
        {
            "label": "investmentPledgedItemType",
            "type": "Type",
            "localName": "investmentPledgedItemType"
        },
        {
            "label": "restrictedInvestmentItemType",
            "type": "Type",
            "localName": "restrictedInvestmentItemType"
        },
        {
            "label": "MalpracticeInsurance-OccurrenceOrClaims-madeItemType",
            "type": "Type",
            "localName": "MalpracticeInsurance-OccurrenceOrClaims-madeItemType"
        },
        {
            "label": "investmentOnLoanForShortSalesItemType",
            "type": "Type",
            "localName": "investmentOnLoanForShortSalesItemType"
        },
        {
            "label": "perUnitItemType",
            "type": "Type",
            "localName": "perUnitItemType"
        },
        {
            "label": "fundingImprovementAndRehabilitationPlanItemType",
            "type": "Type",
            "localName": "fundingImprovementAndRehabilitationPlanItemType"
        },
        {
            "label": "flowItemType",
            "type": "Type",
            "localName": "flowItemType"
        }
    ]
}