{
    "http://www.xbrl.org/dtr/type/2020-01-21": [
        {
            "label": "SQNameType",
            "type": "Type",
            "localName": "SQNameType"
        },
        {
            "label": "massFlowItemType",
            "type": "Type",
            "localName": "massFlowItemType"
        },
        {
            "label": "xmlItemType",
            "type": "Type",
            "localName": "xmlItemType"
        },
        {
            "label": "frequencyItemType",
            "type": "Type",
            "localName": "frequencyItemType"
        },
        {
            "label": "monetaryPerDurationItemType",
            "type": "Type",
            "localName": "monetaryPerDurationItemType"
        },
        {
            "label": "prefixedContentType",
            "type": "Type",
            "localName": "prefixedContentType"
        },
        {
            "label": "voltageItemType",
            "type": "Type",
            "localName": "voltageItemType"
        },
        {
            "label": "memoryItemType",
            "type": "Type",
            "localName": "memoryItemType"
        },
        {
            "label": "SQNamesType",
            "type": "Type",
            "localName": "SQNamesType"
        },
        {
            "label": "pressureItemType",
            "type": "Type",
            "localName": "pressureItemType"
        },
        {
            "label": "domainItemType",
            "type": "Type",
            "localName": "domainItemType"
        },
        {
            "label": "volumeItemType",
            "type": "Type",
            "localName": "volumeItemType"
        },
        {
            "label": "weightItemType",
            "type": "Type",
            "localName": "weightItemType"
        },
        {
            "label": "irradianceItemType",
            "type": "Type",
            "localName": "irradianceItemType"
        },
        {
            "label": "monetaryPerLengthItemType",
            "type": "Type",
            "localName": "monetaryPerLengthItemType"
        },
        {
            "label": "nonNegativeMonetaryItemType",
            "type": "Type",
            "localName": "nonNegativeMonetaryItemType"
        },
        {
            "label": "flowItemType",
            "type": "Type",
            "localName": "flowItemType"
        },
        {
            "label": "forceItemType",
            "type": "Type",
            "localName": "forceItemType"
        },
        {
            "label": "SQNameItemType",
            "type": "Type",
            "localName": "SQNameItemType"
        },
        {
            "label": "gYearListItemType",
            "type": "Type",
            "localName": "gYearListItemType"
        },
        {
            "label": "massItemType",
            "type": "Type",
            "localName": "massItemType"
        },
        {
            "label": "noLangTokenItemType",
            "type": "Type",
            "localName": "noLangTokenItemType"
        },
        {
            "label": "monetaryPerVolumeItemType",
            "type": "Type",
            "localName": "monetaryPerVolumeItemType"
        },
        {
            "label": "guidanceItemType",
            "type": "Type",
            "localName": "guidanceItemType"
        },
        {
            "label": "powerItemType",
            "type": "Type",
            "localName": "powerItemType"
        },
        {
            "label": "textBlockItemType",
            "type": "Type",
            "localName": "textBlockItemType"
        },
        {
            "label": "insolationItemType",
            "type": "Type",
            "localName": "insolationItemType"
        },
        {
            "label": "speedItemType",
            "type": "Type",
            "localName": "speedItemType"
        },
        {
            "label": "temperatureItemType",
            "type": "Type",
            "localName": "temperatureItemType"
        },
        {
            "label": "SQNamesItemType",
            "type": "Type",
            "localName": "SQNamesItemType"
        },
        {
            "label": "perShareItemType",
            "type": "Type",
            "localName": "perShareItemType"
        },
        {
            "label": "energyItemType",
            "type": "Type",
            "localName": "energyItemType"
        },
        {
            "label": "prefixedContentItemType",
            "type": "Type",
            "localName": "prefixedContentItemType"
        },
        {
            "label": "areaItemType",
            "type": "Type",
            "localName": "areaItemType"
        },
        {
            "label": "planeAngleItemType",
            "type": "Type",
            "localName": "planeAngleItemType"
        },
        {
            "label": "xmlNodesItemType",
            "type": "Type",
            "localName": "xmlNodesItemType"
        },
        {
            "label": "lengthItemType",
            "type": "Type",
            "localName": "lengthItemType"
        },
        {
            "label": "nonNegativeNoDecimalsMonetaryItemType",
            "type": "Type",
            "localName": "nonNegativeNoDecimalsMonetaryItemType"
        },
        {
            "label": "escapedItemType",
            "type": "Type",
            "localName": "escapedItemType"
        },
        {
            "label": "noDecimalsMonetaryItemType",
            "type": "Type",
            "localName": "noDecimalsMonetaryItemType"
        },
        {
            "label": "noLangStringItemType",
            "type": "Type",
            "localName": "noLangStringItemType"
        },
        {
            "label": "monetaryPerAreaItemType",
            "type": "Type",
            "localName": "monetaryPerAreaItemType"
        },
        {
            "label": "electricCurrentItemType",
            "type": "Type",
            "localName": "electricCurrentItemType"
        },
        {
            "label": "electricChargeItemType",
            "type": "Type",
            "localName": "electricChargeItemType"
        },
        {
            "label": "monetaryPerEnergyItemType",
            "type": "Type",
            "localName": "monetaryPerEnergyItemType"
        },
        {
            "label": "monetaryPerMassItemType",
            "type": "Type",
            "localName": "monetaryPerMassItemType"
        },
        {
            "label": "percentItemType",
            "type": "Type",
            "localName": "percentItemType"
        }
    ]
}