{
    "http://xbrl.sec.gov/dei/2014-01-31": [
        {
            "type": "Concept",
            "localName": "DocumentName",
            "isAbstract": "false",
            "label": "Document Name",
            "periodType": "duration",
            "dataType": "xbrli:normalizedStringItemType"
        },
        {
            "type": "Concept",
            "localName": "EntityIncorporationDateOfIncorporation",
            "isAbstract": "false",
            "label": "Entity Incorporation, Date of Incorporation",
            "periodType": "duration",
            "dataType": "xbrli:dateItemType"
        },
        {
            "type": "Concept",
            "localName": "PhoneFaxNumberDescription",
            "isAbstract": "false",
            "label": "Phone Fax Number Description",
            "periodType": "duration",
            "dataType": "xbrli:stringItemType"
        },
        {
            "label": "submissionTypeItemType",
            "type": "Type",
            "localName": "submissionTypeItemType"
        },
        {
            "type": "Concept",
            "localName": "DocumentCopyrightInformation",
            "isAbstract": "false",
            "label": "Document Copyright Information",
            "periodType": "duration",
            "dataType": "xbrli:stringItemType"
        },
        {
            "type": "Concept",
            "localName": "EntityHomeCountryISOCode",
            "isAbstract": "false",
            "label": "Entity Home Country ISO Code",
            "periodType": "duration",
            "dataType": "dei:countryItemType"
        },
        {
            "type": "Concept",
            "localName": "LegalContactMember",
            "isAbstract": "true",
            "label": "Legal Contact [Member]",
            "periodType": "duration",
            "dataType": "nonnum:domainItemType"
        },
        {
            "type": "Concept",
            "localName": "EntityLegalForm",
            "isAbstract": "false",
            "label": "Entity Legal Form",
            "periodType": "duration",
            "dataType": "xbrli:stringItemType"
        },
        {
            "type": "Concept",
            "localName": "AmendmentDescription",
            "isAbstract": "false",
            "label": "Amendment Description",
            "periodType": "duration",
            "dataType": "xbrli:stringItemType"
        },
        {
            "type": "Concept",
            "localName": "DocumentType",
            "isAbstract": "false",
            "label": "Document Type",
            "periodType": "duration",
            "dataType": "dei:submissionTypeItemType"
        },
        {
            "type": "Concept",
            "localName": "ContainedFileInformationFileNumber",
            "isAbstract": "false",
            "label": "Contained File Information, File Number",
            "periodType": "duration",
            "dataType": "xbrli:normalizedStringItemType"
        },
        {
            "type": "Concept",
            "localName": "MailingAddressMember",
            "isAbstract": "true",
            "label": "Mailing Address [Member]",
            "periodType": "duration",
            "dataType": "nonnum:domainItemType"
        },
        {
            "type": "Concept",
            "localName": "RegistrationStatementAmendmentNumber",
            "isAbstract": "false",
            "label": "Registration Statement Amendment Number",
            "periodType": "duration",
            "dataType": "xbrli:normalizedStringItemType"
        },
        {
            "type": "Concept",
            "localName": "EntitySectorIndustryClassificationsLineItems",
            "isAbstract": "true",
            "label": "Entity Sector Industry Classifications [Line Items]",
            "periodType": "duration",
            "dataType": "xbrli:stringItemType"
        },
        {
            "type": "Concept",
            "localName": "DocumentInformationDocumentAxis",
            "isAbstract": "true",
            "label": "Document Information, Document [Axis]",
            "periodType": "duration",
            "dataType": "xbrli:stringItemType"
        },
        {
            "type": "Concept",
            "localName": "InvestorRelationsPhoneMember",
            "isAbstract": "true",
            "label": "Investor Relations Phone [Member]",
            "periodType": "duration",
            "dataType": "nonnum:domainItemType"
        },
        {
            "type": "Concept",
            "localName": "EntityFilerCategory",
            "isAbstract": "false",
            "label": "Entity Filer Category",
            "periodType": "duration",
            "dataType": "dei:filerCategoryItemType"
        },
        {
            "type": "Concept",
            "localName": "AmendmentFlag",
            "isAbstract": "false",
            "label": "Amendment Flag",
            "periodType": "duration",
            "dataType": "xbrli:booleanItemType"
        },
        {
            "type": "Concept",
            "localName": "InvestorRelationsFaxMember",
            "isAbstract": "true",
            "label": "Investor Relations Fax [Member]",
            "periodType": "duration",
            "dataType": "nonnum:domainItemType"
        },
        {
            "type": "Concept",
            "localName": "EntitiesTable",
            "isAbstract": "true",
            "label": "Entities [Table]",
            "periodType": "duration",
            "dataType": "xbrli:stringItemType"
        },
        {
            "type": "Concept",
            "localName": "EntityAddressesTable",
            "isAbstract": "true",
            "label": "Entity Addresses [Table]",
            "periodType": "duration",
            "dataType": "xbrli:stringItemType"
        },
        {
            "type": "Concept",
            "localName": "InvestorRelationsContactMember",
            "isAbstract": "true",
            "label": "Investor Relations Contact [Member]",
            "periodType": "duration",
            "dataType": "nonnum:domainItemType"
        },
        {
            "type": "Concept",
            "localName": "LegalEntityIdentifier",
            "isAbstract": "false",
            "label": "Legal Entity Identifier",
            "periodType": "duration",
            "dataType": "dei:legalEntityIdentifierItemType"
        },
        {
            "type": "Concept",
            "localName": "LegalPhoneMember",
            "isAbstract": "true",
            "label": "Legal Phone [Member]",
            "periodType": "duration",
            "dataType": "nonnum:domainItemType"
        },
        {
            "type": "Concept",
            "localName": "DocumentInformationTable",
            "isAbstract": "true",
            "label": "Document Information [Table]",
            "periodType": "duration",
            "dataType": "xbrli:stringItemType"
        },
        {
            "type": "Concept",
            "localName": "EntityTaxIdentificationNumber",
            "isAbstract": "false",
            "label": "Entity Tax Identification Number",
            "periodType": "duration",
            "dataType": "dei:nineDigitItemType"
        },
        {
            "type": "Concept",
            "localName": "ContactPersonnelUniformResourceLocatorURL",
            "isAbstract": "false",
            "label": "Contact Personnel Uniform Resource Locator (URL)",
            "periodType": "duration",
            "dataType": "xbrli:anyURIItemType"
        },
        {
            "type": "Concept",
            "localName": "UTR",
            "isAbstract": "true",
            "label": "UTR",
            "periodType": "duration",
            "dataType": "xbrli:stringItemType"
        },
        {
            "type": "Concept",
            "localName": "SectorDomain",
            "isAbstract": "true",
            "label": "Sector [Domain]",
            "periodType": "duration",
            "dataType": "nonnum:domainItemType"
        },
        {
            "type": "Concept",
            "localName": "EntityAddressCountry",
            "isAbstract": "false",
            "label": "Entity Address, Country",
            "periodType": "duration",
            "dataType": "xbrli:normalizedStringItemType"
        },
        {
            "type": "Concept",
            "localName": "EntityListingSecurityTradingCurrency",
            "isAbstract": "false",
            "label": "Entity Listing, Security Trading Currency",
            "periodType": "duration",
            "dataType": "xbrli:stringItemType"
        },
        {
            "type": "Concept",
            "localName": "EntityAddressPostalZipCode",
            "isAbstract": "false",
            "label": "Entity Address, Postal Zip Code",
            "periodType": "duration",
            "dataType": "xbrli:normalizedStringItemType"
        },
        {
            "type": "Concept",
            "localName": "AddressTypeDomain",
            "isAbstract": "true",
            "label": "Address Type [Domain]",
            "periodType": "duration",
            "dataType": "nonnum:domainItemType"
        },
        {
            "type": "Concept",
            "localName": "EntityContactPersonnelLineItems",
            "isAbstract": "true",
            "label": "Entity Contact Personnel [Line Items]",
            "periodType": "duration",
            "dataType": "xbrli:stringItemType"
        },
        {
            "type": "Concept",
            "localName": "PhoneFaxNumberTypeDomain",
            "isAbstract": "true",
            "label": "Phone Fax Number Type [Domain]",
            "periodType": "duration",
            "dataType": "nonnum:domainItemType"
        },
        {
            "type": "Concept",
            "localName": "DocumentInformationTextBlock",
            "isAbstract": "false",
            "label": "Document Information [Text Block]",
            "periodType": "duration",
            "dataType": "nonnum:textBlockItemType"
        },
        {
            "type": "Concept",
            "localName": "EntityContactPersonnelContactPersonTypeAxis",
            "isAbstract": "true",
            "label": "Entity Contact Personnel, Contact Person Type [Axis]",
            "periodType": "duration",
            "dataType": "xbrli:stringItemType"
        },
        {
            "type": "Concept",
            "localName": "EntitySectorIndustryClassificationsSectorAxis",
            "isAbstract": "true",
            "label": "Entity Sector Industry Classifications, Sector [Axis]",
            "periodType": "duration",
            "dataType": "xbrli:stringItemType"
        },
        {
            "type": "Concept",
            "localName": "EntityNorthAmericanIndustryClassificationsTable",
            "isAbstract": "true",
            "label": "Entity North American Industry Classifications [Table]",
            "periodType": "duration",
            "dataType": "xbrli:stringItemType"
        },
        {
            "type": "Concept",
            "localName": "GeneralPhoneMember",
            "isAbstract": "true",
            "label": "General Phone [Member]",
            "periodType": "duration",
            "dataType": "nonnum:domainItemType"
        },
        {
            "type": "Concept",
            "localName": "EntityListingForeign",
            "isAbstract": "false",
            "label": "Entity Listing, Foreign",
            "periodType": "duration",
            "dataType": "dei:yesNoItemType"
        },
        {
            "type": "Concept",
            "localName": "EntityVoluntaryFilers",
            "isAbstract": "false",
            "label": "Entity Voluntary Filers",
            "periodType": "duration",
            "dataType": "dei:yesNoItemType"
        },
        {
            "type": "Concept",
            "localName": "FormerFiscalYearEndDate",
            "isAbstract": "false",
            "label": "Former Fiscal Year End Date",
            "periodType": "duration",
            "dataType": "xbrli:gMonthDayItemType"
        },
        {
            "type": "Concept",
            "localName": "EntityListingPrimary",
            "isAbstract": "false",
            "label": "Entity Listing, Primary",
            "periodType": "duration",
            "dataType": "dei:yesNoItemType"
        },
        {
            "type": "Concept",
            "localName": "EntityAddressesLineItems",
            "isAbstract": "true",
            "label": "Entity Addresses [Line Items]",
            "periodType": "duration",
            "dataType": "xbrli:stringItemType"
        },
        {
            "type": "Concept",
            "localName": "EntityLocationLineItems",
            "isAbstract": "true",
            "label": "Entity Location [Line Items]",
            "periodType": "duration",
            "dataType": "xbrli:stringItemType"
        },
        {
            "type": "Concept",
            "localName": "AccountingFaxMember",
            "isAbstract": "true",
            "label": "Accounting Fax [Member]",
            "periodType": "duration",
            "dataType": "nonnum:domainItemType"
        },
        {
            "type": "Concept",
            "localName": "DocumentEffectiveDate",
            "isAbstract": "false",
            "label": "Document Effective Date",
            "periodType": "duration",
            "dataType": "xbrli:dateItemType"
        },
        {
            "type": "Concept",
            "localName": "ApproximateDateOfCommencementOfProposedSaleToThePublic",
            "isAbstract": "false",
            "label": "Approximate Date of Commencement of Proposed Sale to Public",
            "periodType": "duration",
            "dataType": "xbrli:dateItemType"
        },
        {
            "type": "Concept",
            "localName": "LegalFaxMember",
            "isAbstract": "true",
            "label": "Legal Fax [Member]",
            "periodType": "duration",
            "dataType": "nonnum:domainItemType"
        },
        {
            "type": "Concept",
            "localName": "LocalPhoneNumber",
            "isAbstract": "false",
            "label": "Local Phone Number",
            "periodType": "duration",
            "dataType": "xbrli:normalizedStringItemType"
        },
        {
            "type": "Concept",
            "localName": "EntityTextBlock",
            "isAbstract": "false",
            "label": "Entity [Text Block]",
            "periodType": "duration",
            "dataType": "nonnum:textBlockItemType"
        },
        {
            "type": "Concept",
            "localName": "ContactPhoneMember",
            "isAbstract": "true",
            "label": "Contact Phone [Member]",
            "periodType": "duration",
            "dataType": "nonnum:domainItemType"
        },
        {
            "type": "Concept",
            "localName": "EntityNorthAmericanIndustryClassificationPrimary",
            "isAbstract": "false",
            "label": "Entity North American Industry Classification, Primary",
            "periodType": "duration",
            "dataType": "dei:yesNoItemType"
        },
        {
            "type": "Concept",
            "localName": "EntityAddressesAddressTypeAxis",
            "isAbstract": "true",
            "label": "Entity Addresses, Address Type [Axis]",
            "periodType": "duration",
            "dataType": "xbrli:stringItemType"
        },
        {
            "type": "Concept",
            "localName": "EntityNorthAmericanIndustryClassificationsIndustryAxis",
            "isAbstract": "true",
            "label": "Entity North American Industry Classifications, Industry [Axis]",
            "periodType": "duration",
            "dataType": "xbrli:stringItemType"
        },
        {
            "type": "Concept",
            "localName": "EntityListingsExchangeAxis",
            "isAbstract": "true",
            "label": "Entity Listings, Exchange [Axis]",
            "periodType": "duration",
            "dataType": "xbrli:stringItemType"
        },
        {
            "type": "Concept",
            "localName": "DocumentCreationDate",
            "isAbstract": "false",
            "label": "Document Creation Date",
            "periodType": "duration",
            "dataType": "xbrli:dateItemType"
        },
        {
            "type": "Concept",
            "localName": "EntityCentralIndexKey",
            "isAbstract": "false",
            "label": "Entity Central Index Key",
            "periodType": "duration",
            "dataType": "dei:centralIndexKeyItemType"
        },
        {
            "type": "Concept",
            "localName": "ContactFaxMember",
            "isAbstract": "true",
            "label": "Contact Fax [Member]",
            "periodType": "duration",
            "dataType": "nonnum:domainItemType"
        },
        {
            "label": "fiscalPeriodItemType",
            "type": "Type",
            "localName": "fiscalPeriodItemType"
        },
        {
            "type": "Concept",
            "localName": "EntityListingsLineItems",
            "isAbstract": "true",
            "label": "Entity Listings [Line Items]",
            "periodType": "duration",
            "dataType": "xbrli:stringItemType"
        },
        {
            "type": "Concept",
            "localName": "EntityReportingCurrencyISOCode",
            "isAbstract": "false",
            "label": "Entity Reporting Currency ISO Code",
            "periodType": "duration",
            "dataType": "dei:currencyItemType"
        },
        {
            "type": "Concept",
            "localName": "DocumentFiscalPeriodFocus",
            "isAbstract": "false",
            "label": "Document Fiscal Period Focus",
            "periodType": "duration",
            "dataType": "dei:fiscalPeriodItemType"
        },
        {
            "type": "Concept",
            "localName": "DocumentContactMember",
            "isAbstract": "true",
            "label": "Document Contact [Member]",
            "periodType": "duration",
            "dataType": "nonnum:domainItemType"
        },
        {
            "type": "Concept",
            "localName": "EntityAddressAddressLine1",
            "isAbstract": "false",
            "label": "Entity Address, Address Line One",
            "periodType": "duration",
            "dataType": "xbrli:normalizedStringItemType"
        },
        {
            "type": "Concept",
            "localName": "DocumentSubtitle",
            "isAbstract": "false",
            "label": "Document Subtitle",
            "periodType": "duration",
            "dataType": "xbrli:normalizedStringItemType"
        },
        {
            "type": "Concept",
            "localName": "EntityPhoneFaxNumbersPhoneFaxNumberTypeAxis",
            "isAbstract": "true",
            "label": "Entity Phone Fax Numbers, Phone Fax Number Type [Axis]",
            "periodType": "duration",
            "dataType": "xbrli:stringItemType"
        },
        {
            "type": "Concept",
            "localName": "EntityCommonStockSharesOutstanding",
            "isAbstract": "false",
            "label": "Entity Common Stock, Shares Outstanding",
            "periodType": "instant",
            "dataType": "xbrli:sharesItemType"
        },
        {
            "type": "Concept",
            "localName": "EntityLocationPrimary",
            "isAbstract": "false",
            "label": "Entity Location, Primary",
            "periodType": "duration",
            "dataType": "dei:yesNoItemType"
        },
        {
            "type": "Concept",
            "localName": "DocumentTitle",
            "isAbstract": "false",
            "label": "Document Title",
            "periodType": "duration",
            "dataType": "xbrli:normalizedStringItemType"
        },
        {
            "type": "Concept",
            "localName": "GeneralFaxMember",
            "isAbstract": "true",
            "label": "General Fax [Member]",
            "periodType": "duration",
            "dataType": "nonnum:domainItemType"
        },
        {
            "type": "Concept",
            "localName": "EntityListingsInstrumentAxis",
            "isAbstract": "true",
            "label": "Entity Listings, Instrument [Axis]",
            "periodType": "duration",
            "dataType": "xbrli:stringItemType"
        },
        {
            "label": "currencyItemType",
            "type": "Type",
            "localName": "currencyItemType"
        },
        {
            "type": "Concept",
            "localName": "DocumentFiscalYearFocus",
            "isAbstract": "false",
            "label": "Document Fiscal Year Focus",
            "periodType": "duration",
            "dataType": "xbrli:gYearItemType"
        },
        {
            "label": "countryItemType",
            "type": "Type",
            "localName": "countryItemType"
        },
        {
            "type": "Concept",
            "localName": "EntityLocationTable",
            "isAbstract": "true",
            "label": "Entity Location [Table]",
            "periodType": "duration",
            "dataType": "xbrli:stringItemType"
        },
        {
            "type": "Concept",
            "localName": "ContactAddressMember",
            "isAbstract": "true",
            "label": "Contact Address [Member]",
            "periodType": "duration",
            "dataType": "nonnum:domainItemType"
        },
        {
            "type": "Concept",
            "localName": "EntityPhoneFaxNumbersTable",
            "isAbstract": "true",
            "label": "Entity Phone Fax Numbers [Table]",
            "periodType": "duration",
            "dataType": "xbrli:stringItemType"
        },
        {
            "type": "Concept",
            "localName": "EntityDomain",
            "isAbstract": "true",
            "label": "Entity [Domain]",
            "periodType": "duration",
            "dataType": "nonnum:domainItemType"
        },
        {
            "type": "Concept",
            "localName": "ContainedFileInformationFileDescription",
            "isAbstract": "false",
            "label": "Contained File Information, File Description",
            "periodType": "duration",
            "dataType": "xbrli:stringItemType"
        },
        {
            "type": "Concept",
            "localName": "EntityInformationDateToChangeFormerLegalOrRegisteredName",
            "isAbstract": "false",
            "label": "Entity Information, Date to Change Former Legal or Registered Name",
            "periodType": "duration",
            "dataType": "xbrli:dateItemType"
        },
        {
            "type": "Concept",
            "localName": "InstrumentDomain",
            "isAbstract": "true",
            "label": "Instrument [Domain]",
            "periodType": "duration",
            "dataType": "nonnum:domainItemType"
        },
        {
            "type": "Concept",
            "localName": "EntityOtherIdentificationType",
            "isAbstract": "false",
            "label": "Entity Other Identification Type",
            "periodType": "duration",
            "dataType": "xbrli:normalizedStringItemType"
        },
        {
            "type": "Concept",
            "localName": "NAICSDomain",
            "isAbstract": "true",
            "label": "NAICS [Domain]",
            "periodType": "duration",
            "dataType": "nonnum:domainItemType"
        },
        {
            "type": "Concept",
            "localName": "EntityCurrentReportingStatus",
            "isAbstract": "false",
            "label": "Entity Current Reporting Status",
            "periodType": "duration",
            "dataType": "dei:yesNoItemType"
        },
        {
            "type": "Concept",
            "localName": "DeprecatedItemsForDEI",
            "isAbstract": "true",
            "label": "Deprecated Items for DEI [Abstract]",
            "periodType": "duration",
            "dataType": "xbrli:stringItemType"
        },
        {
            "type": "Concept",
            "localName": "BusinessContactMember",
            "isAbstract": "true",
            "label": "Business Contact [Member]",
            "periodType": "duration",
            "dataType": "nonnum:domainItemType"
        },
        {
            "type": "Concept",
            "localName": "ContainedFileInformationFileName",
            "isAbstract": "false",
            "label": "Contained File Information, File Name",
            "periodType": "duration",
            "dataType": "xbrli:normalizedStringItemType"
        },
        {
            "type": "Concept",
            "localName": "DocumentDomain",
            "isAbstract": "true",
            "label": "Document [Domain]",
            "periodType": "duration",
            "dataType": "nonnum:domainItemType"
        },
        {
            "type": "Concept",
            "localName": "CityAreaCode",
            "isAbstract": "false",
            "label": "City Area Code",
            "periodType": "duration",
            "dataType": "xbrli:normalizedStringItemType"
        },
        {
            "type": "Concept",
            "localName": "EntitySectorIndustryClassificationPrimary",
            "isAbstract": "false",
            "label": "Entity Sector Industry Classification, Primary",
            "periodType": "duration",
            "dataType": "dei:yesNoItemType"
        },
        {
            "type": "Concept",
            "localName": "EntityInformationLineItems",
            "isAbstract": "true",
            "label": "Entity Information [Line Items]",
            "periodType": "duration",
            "dataType": "xbrli:stringItemType"
        },
        {
            "type": "Concept",
            "localName": "EntityAddressAddressLine2",
            "isAbstract": "false",
            "label": "Entity Address, Address Line Two",
            "periodType": "duration",
            "dataType": "xbrli:normalizedStringItemType"
        },
        {
            "type": "Concept",
            "localName": "PostEffectiveAmendmentNumber",
            "isAbstract": "false",
            "label": "Post-Effective Amendment Number",
            "periodType": "duration",
            "dataType": "xbrli:normalizedStringItemType"
        },
        {
            "type": "Concept",
            "localName": "ContactPersonnelName",
            "isAbstract": "false",
            "label": "Contact Personnel Name",
            "periodType": "duration",
            "dataType": "xbrli:normalizedStringItemType"
        },
        {
            "type": "Concept",
            "localName": "OtherAddressMember",
            "isAbstract": "true",
            "label": "Other Address [Member]",
            "periodType": "duration",
            "dataType": "nonnum:domainItemType"
        },
        {
            "label": "filerCategoryItemType",
            "type": "Type",
            "localName": "filerCategoryItemType"
        },
        {
            "type": "Concept",
            "localName": "HumanResourcesContactMember",
            "isAbstract": "true",
            "label": "Human Resources Contact [Member]",
            "periodType": "duration",
            "dataType": "nonnum:domainItemType"
        },
        {
            "type": "Concept",
            "localName": "DocumentDescription",
            "isAbstract": "false",
            "label": "Document Description",
            "periodType": "duration",
            "dataType": "xbrli:stringItemType"
        },
        {
            "type": "Concept",
            "localName": "CurrentFiscalYearEndDate",
            "isAbstract": "false",
            "label": "Current Fiscal Year End Date",
            "periodType": "duration",
            "dataType": "xbrli:gMonthDayItemType"
        },
        {
            "type": "Concept",
            "localName": "DocumentPeriodEndDate",
            "isAbstract": "false",
            "label": "Document Period End Date",
            "periodType": "duration",
            "dataType": "xbrli:dateItemType"
        },
        {
            "type": "Concept",
            "localName": "EntityAddressAddressLine3",
            "isAbstract": "false",
            "label": "Entity Address, Address Line Three",
            "periodType": "duration",
            "dataType": "xbrli:normalizedStringItemType"
        },
        {
            "type": "Concept",
            "localName": "DocumentVersion",
            "isAbstract": "false",
            "label": "Document Version",
            "periodType": "duration",
            "dataType": "xbrli:normalizedStringItemType"
        },
        {
            "type": "Concept",
            "localName": "ExchangeDomain",
            "isAbstract": "true",
            "label": "Exchange [Domain]",
            "periodType": "duration",
            "dataType": "nonnum:domainItemType"
        },
        {
            "type": "Concept",
            "localName": "AccountingAddressMember",
            "isAbstract": "true",
            "label": "Accounting Address [Member]",
            "periodType": "duration",
            "dataType": "nonnum:domainItemType"
        },
        {
            "type": "Concept",
            "localName": "EntityInformationFormerLegalOrRegisteredName",
            "isAbstract": "false",
            "label": "Entity Information, Former Legal or Registered Name",
            "periodType": "duration",
            "dataType": "xbrli:normalizedStringItemType"
        },
        {
            "type": "Concept",
            "localName": "EntityListingDescription",
            "isAbstract": "false",
            "label": "Entity Listing, Description",
            "periodType": "duration",
            "dataType": "xbrli:stringItemType"
        },
        {
            "type": "Concept",
            "localName": "EntityDataUniversalNumberingSystemNumber",
            "isAbstract": "false",
            "label": "Entity Data Universal Numbering System Number",
            "periodType": "duration",
            "dataType": "dei:nineDigitItemType"
        },
        {
            "type": "Concept",
            "localName": "EntitySectorIndustryClassificationsTable",
            "isAbstract": "true",
            "label": "Entity Sector Industry Classifications [Table]",
            "periodType": "duration",
            "dataType": "xbrli:stringItemType"
        },
        {
            "type": "Concept",
            "localName": "ParentEntityLegalName",
            "isAbstract": "false",
            "label": "Parent Entity Legal Name",
            "periodType": "duration",
            "dataType": "xbrli:stringItemType"
        },
        {
            "type": "Concept",
            "localName": "EntityListingParValuePerShare",
            "isAbstract": "false",
            "label": "Entity Listing, Par Value Per Share",
            "periodType": "duration",
            "dataType": "num:perShareItemType"
        },
        {
            "type": "Concept",
            "localName": "EntityContactPersonnelTable",
            "isAbstract": "true",
            "label": "Entity Contact Personnel [Table]",
            "periodType": "duration",
            "dataType": "xbrli:stringItemType"
        },
        {
            "type": "Concept",
            "localName": "DocumentPeriodStartDate",
            "isAbstract": "false",
            "label": "Document Period Start Date",
            "periodType": "duration",
            "dataType": "xbrli:dateItemType"
        },
        {
            "label": "centralIndexKeyItemType",
            "type": "Type",
            "localName": "centralIndexKeyItemType"
        },
        {
            "label": "nineDigitItemType",
            "type": "Type",
            "localName": "nineDigitItemType"
        },
        {
            "type": "Concept",
            "localName": "AccountingPhoneMember",
            "isAbstract": "true",
            "label": "Accounting Phone [Member]",
            "periodType": "duration",
            "dataType": "nonnum:domainItemType"
        },
        {
            "type": "Concept",
            "localName": "EntityPhoneFaxNumbersLineItems",
            "isAbstract": "true",
            "label": "Entity Phone Fax Numbers [Line Items]",
            "periodType": "duration",
            "dataType": "xbrli:stringItemType"
        },
        {
            "type": "Concept",
            "localName": "TradingSymbol",
            "isAbstract": "false",
            "label": "Trading Symbol",
            "periodType": "duration",
            "dataType": "xbrli:normalizedStringItemType"
        },
        {
            "type": "Concept",
            "localName": "EntityOtherIdentificationValue",
            "isAbstract": "false",
            "label": "Entity Other Identification Value",
            "periodType": "duration",
            "dataType": "xbrli:normalizedStringItemType"
        },
        {
            "type": "Concept",
            "localName": "EntityWellKnownSeasonedIssuer",
            "isAbstract": "false",
            "label": "Entity Well-known Seasoned Issuer",
            "periodType": "duration",
            "dataType": "dei:yesNoItemType"
        },
        {
            "type": "Concept",
            "localName": "Extension",
            "isAbstract": "false",
            "label": "Extension",
            "periodType": "duration",
            "dataType": "xbrli:normalizedStringItemType"
        },
        {
            "label": "yesNoItemType",
            "type": "Type",
            "localName": "yesNoItemType"
        },
        {
            "type": "Concept",
            "localName": "EntityAddressRegion",
            "isAbstract": "false",
            "label": "Entity Address, Region",
            "periodType": "duration",
            "dataType": "xbrli:normalizedStringItemType"
        },
        {
            "type": "Concept",
            "localName": "EntityAddressStateOrProvince",
            "isAbstract": "false",
            "label": "Entity Address, State or Province",
            "periodType": "duration",
            "dataType": "xbrli:normalizedStringItemType"
        },
        {
            "type": "Concept",
            "localName": "EntityRegistrantName",
            "isAbstract": "false",
            "label": "Entity Registrant Name",
            "periodType": "duration",
            "dataType": "xbrli:normalizedStringItemType"
        },
        {
            "type": "Concept",
            "localName": "LocationDomain",
            "isAbstract": "true",
            "label": "Location [Domain]",
            "periodType": "duration",
            "dataType": "nonnum:domainItemType"
        },
        {
            "type": "Concept",
            "localName": "EntityListingDepositoryReceiptRatio",
            "isAbstract": "false",
            "label": "Entity Listing, Depository Receipt Ratio",
            "periodType": "instant",
            "dataType": "xbrli:pureItemType"
        },
        {
            "type": "Concept",
            "localName": "DocumentInformationLineItems",
            "isAbstract": "true",
            "label": "Document Information [Line Items]",
            "periodType": "duration",
            "dataType": "xbrli:stringItemType"
        },
        {
            "type": "Concept",
            "localName": "DocumentSynopsis",
            "isAbstract": "false",
            "label": "Document Synopsis",
            "periodType": "duration",
            "dataType": "xbrli:normalizedStringItemType"
        },
        {
            "type": "Concept",
            "localName": "EntityByLocationAxis",
            "isAbstract": "true",
            "label": "Entity by Location [Axis]",
            "periodType": "duration",
            "dataType": "xbrli:stringItemType"
        },
        {
            "type": "Concept",
            "localName": "EntityListingsTable",
            "isAbstract": "true",
            "label": "Entity Listings [Table]",
            "periodType": "duration",
            "dataType": "xbrli:stringItemType"
        },
        {
            "type": "Concept",
            "localName": "EntityPublicFloat",
            "isAbstract": "false",
            "label": "Entity Public Float",
            "periodType": "instant",
            "dataType": "xbrli:monetaryItemType",
            "balanceType": "credit"
        },
        {
            "type": "Concept",
            "localName": "ContactPersonTypeDomain",
            "isAbstract": "true",
            "label": "Contact Person Type [Domain]",
            "periodType": "duration",
            "dataType": "nonnum:domainItemType"
        },
        {
            "type": "Concept",
            "localName": "EntityNumberOfEmployees",
            "isAbstract": "false",
            "label": "Entity Number of Employees",
            "periodType": "instant",
            "dataType": "xbrli:decimalItemType"
        },
        {
            "type": "Concept",
            "localName": "PrincipalAddressMember",
            "isAbstract": "true",
            "label": "Principal Address [Member]",
            "periodType": "duration",
            "dataType": "nonnum:domainItemType"
        },
        {
            "type": "Concept",
            "localName": "EntityAddressCityOrTown",
            "isAbstract": "false",
            "label": "Entity Address, City or Town",
            "periodType": "duration",
            "dataType": "xbrli:normalizedStringItemType"
        },
        {
            "type": "Concept",
            "localName": "ContactPersonnelEmailAddress",
            "isAbstract": "false",
            "label": "Contact Personnel Email Address",
            "periodType": "duration",
            "dataType": "xbrli:normalizedStringItemType"
        },
        {
            "type": "Concept",
            "localName": "ContainedFileInformationFileType",
            "isAbstract": "false",
            "label": "Contained File Information, File Type",
            "periodType": "duration",
            "dataType": "xbrli:normalizedStringItemType"
        },
        {
            "type": "Concept",
            "localName": "EntityIncorporationStateCountryName",
            "isAbstract": "false",
            "label": "Entity Incorporation, State Country Name",
            "periodType": "duration",
            "dataType": "xbrli:normalizedStringItemType"
        },
        {
            "type": "Concept",
            "localName": "LegalEntityAxis",
            "isAbstract": "true",
            "label": "Legal Entity [Axis]",
            "periodType": "duration",
            "dataType": "xbrli:stringItemType"
        },
        {
            "type": "Concept",
            "localName": "AccountingContactMember",
            "isAbstract": "true",
            "label": "Accounting Contact [Member]",
            "periodType": "duration",
            "dataType": "nonnum:domainItemType"
        },
        {
            "type": "Concept",
            "localName": "EntityAccountingStandard",
            "isAbstract": "false",
            "label": "Entity Accounting Standard",
            "periodType": "duration",
            "dataType": "xbrli:stringItemType"
        },
        {
            "label": "legalEntityIdentifierItemType",
            "type": "Type",
            "localName": "legalEntityIdentifierItemType"
        },
        {
            "type": "Concept",
            "localName": "EntityNorthAmericanIndustryClassificationsLineItems",
            "isAbstract": "true",
            "label": "Entity North American Industry Classifications [Line Items]",
            "periodType": "duration",
            "dataType": "xbrli:stringItemType"
        },
        {
            "type": "Concept",
            "localName": "PreEffectiveAmendmentNumber",
            "isAbstract": "false",
            "label": "Pre-Effective Amendment Number",
            "periodType": "duration",
            "dataType": "xbrli:normalizedStringItemType"
        },
        {
            "type": "Concept",
            "localName": "CountryRegion",
            "isAbstract": "false",
            "label": "Country Region",
            "periodType": "duration",
            "dataType": "xbrli:normalizedStringItemType"
        },
        {
            "type": "Concept",
            "localName": "EntityAddressAddressDescription",
            "isAbstract": "false",
            "label": "Entity Address, Address Description",
            "periodType": "duration",
            "dataType": "xbrli:stringItemType"
        },
        {
            "type": "Concept",
            "localName": "LegalAddressMember",
            "isAbstract": "true",
            "label": "Legal Address [Member]",
            "periodType": "duration",
            "dataType": "nonnum:domainItemType"
        }
    ]
}