{
    "http://fasb.org/dqcrules-0008/2021-01-31": [
        {
            "dataType": "xbrli:stringItemType",
            "label": "DQC.US.0008.Reversal of Element Calculations [Abstract]",
            "type": "Concept",
            "isAbstract": "true",
            "periodType": "duration",
            "localName": "Dqc_0008_ReversalOfElementCalculations"
        },
        {
            "dataType": "xbrli:stringItemType",
            "label": "DQC.US.0008 [Abstract]",
            "type": "Concept",
            "isAbstract": "true",
            "periodType": "duration",
            "localName": "Dqc_0008"
        }
    ]
}