{
    "http://www.xbrl.org/2003/iso4217": [
        {
            "type": "Unit",
            "label": "New Zealand dollar",
            "localName": "NZD"
        },
        {
            "type": "Unit",
            "label": "Palladium",
            "localName": "XPD"
        },
        {
            "type": "Unit",
            "label": "Belarusian ruble",
            "localName": "BYR"
        },
        {
            "type": "Unit",
            "label": "Same Day US Dollar",
            "localName": "USS"
        },
        {
            "type": "Unit",
            "label": "Eritrean nakfa",
            "localName": "ERN"
        },
        {
            "type": "Unit",
            "label": "Bahamian dollar",
            "localName": "BSD"
        },
        {
            "type": "Unit",
            "label": "Georgian lari",
            "localName": "GEL"
        },
        {
            "type": "Unit",
            "label": "Syrian pound",
            "localName": "SYP"
        },
        {
            "type": "Unit",
            "label": "Solomon Islands dollar",
            "localName": "SBD"
        },
        {
            "type": "Unit",
            "label": "Bangladeshi taka",
            "localName": "BDT"
        },
        {
            "type": "Unit",
            "label": "Malawian kwacha",
            "localName": "MWK"
        },
        {
            "type": "Unit",
            "label": "Cayman Islands dollar",
            "localName": "KYD"
        },
        {
            "type": "Unit",
            "label": "Vanuatu vatu",
            "localName": "VUV"
        },
        {
            "type": "Unit",
            "label": "Mauritanian ouguiya",
            "localName": "MRO"
        },
        {
            "type": "Unit",
            "label": "Bahraini dinar",
            "localName": "BHD"
        },
        {
            "type": "Unit",
            "label": "CFP Franc",
            "localName": "XPF"
        },
        {
            "type": "Unit",
            "label": "Burundian franc",
            "localName": "BIF"
        },
        {
            "type": "Unit",
            "label": "Algerian dinar",
            "localName": "DZD"
        },
        {
            "type": "Unit",
            "label": "Peruvian nuevo sol",
            "localName": "PEN"
        },
        {
            "type": "Unit",
            "label": "Serbian dinar",
            "localName": "RSD"
        },
        {
            "type": "Unit",
            "label": "Mongolian tugrik",
            "localName": "MNT"
        },
        {
            "type": "Unit",
            "label": "Egyptian pound",
            "localName": "EGP"
        },
        {
            "type": "Unit",
            "label": "E.M.U.-6",
            "localName": "XBB"
        },
        {
            "type": "Unit",
            "label": "Salvadoran col\u00f3n",
            "localName": "SVC"
        },
        {
            "type": "Unit",
            "label": "Myanma kyat",
            "localName": "MMK"
        },
        {
            "type": "Unit",
            "label": "Danish krone",
            "localName": "DKK"
        },
        {
            "type": "Unit",
            "label": "Estonian kroon",
            "localName": "EEK"
        },
        {
            "type": "Unit",
            "label": "SUCRE",
            "localName": "XSU"
        },
        {
            "type": "Unit",
            "label": "Icelandic kr\u00f3na",
            "localName": "ISK"
        },
        {
            "type": "Unit",
            "label": "Congolese franc",
            "localName": "CDF"
        },
        {
            "type": "Unit",
            "label": "Mexican UDI",
            "localName": "MXV"
        },
        {
            "type": "Unit",
            "label": "Honduran lempira",
            "localName": "HNL"
        },
        {
            "type": "Unit",
            "label": "Guyanese dollar",
            "localName": "GYD"
        },
        {
            "type": "Unit",
            "label": "Cordoba oro",
            "localName": "NIO"
        },
        {
            "type": "Unit",
            "label": "South Korean won",
            "localName": "KRW"
        },
        {
            "type": "Unit",
            "label": "Seychelles rupee",
            "localName": "SCR"
        },
        {
            "type": "Unit",
            "label": "South African rand",
            "localName": "ZAR"
        },
        {
            "type": "Unit",
            "label": "Pound sterling",
            "localName": "GBP"
        },
        {
            "type": "Unit",
            "label": "Macedonian denar",
            "localName": "MKD"
        },
        {
            "type": "Unit",
            "label": "Tajikistani somoni",
            "localName": "TJS"
        },
        {
            "type": "Unit",
            "label": "Australian dollar",
            "localName": "AUD"
        },
        {
            "type": "Unit",
            "label": "Unidad de Valor Real",
            "localName": "COU"
        },
        {
            "type": "Unit",
            "label": "Sri Lanka rupee",
            "localName": "LKR"
        },
        {
            "type": "Unit",
            "label": "Boliviano",
            "localName": "BOB"
        },
        {
            "type": "Unit",
            "label": "Jordanian dinar",
            "localName": "JOD"
        },
        {
            "type": "Unit",
            "label": "Unidad de Fomento",
            "localName": "CLF"
        },
        {
            "type": "Unit",
            "label": "Japanese yen",
            "localName": "JPY"
        },
        {
            "type": "Unit",
            "label": "Libyan dinar",
            "localName": "LYD"
        },
        {
            "type": "Unit",
            "label": "Romanian new leu",
            "localName": "RON"
        },
        {
            "type": "Unit",
            "label": "Jamaican dollar",
            "localName": "JMD"
        },
        {
            "type": "Unit",
            "label": "Lebanese pound",
            "localName": "LBP"
        },
        {
            "type": "Unit",
            "label": "Rouble",
            "localName": "RUB"
        },
        {
            "type": "Unit",
            "label": "Iranian rial",
            "localName": "IRR"
        },
        {
            "type": "Unit",
            "label": "Cuban convertible peso",
            "localName": "CUC"
        },
        {
            "type": "Unit",
            "label": "Armenian dram",
            "localName": "AMD"
        },
        {
            "type": "Unit",
            "label": "Canadian dollar",
            "localName": "CAD"
        },
        {
            "type": "Unit",
            "label": "Angolan kwanza",
            "localName": "AOA"
        },
        {
            "type": "Unit",
            "label": "Surinamese dollar",
            "localName": "SRD"
        },
        {
            "type": "Unit",
            "label": "Guinean franc",
            "localName": "GNF"
        },
        {
            "type": "Unit",
            "label": "Malaysian ringgit",
            "localName": "MYR"
        },
        {
            "type": "Unit",
            "label": "Bolivian Mvdol",
            "localName": "BOV"
        },
        {
            "type": "Unit",
            "label": "US Dollar",
            "localName": "USD"
        },
        {
            "type": "Unit",
            "label": "Israeli new sheqel",
            "localName": "ILS"
        },
        {
            "type": "Unit",
            "label": "UIC Franc",
            "localName": "XFU"
        },
        {
            "type": "Unit",
            "label": "Aruban florin",
            "localName": "AWG"
        },
        {
            "type": "Unit",
            "label": "U.A.E. dirham",
            "localName": "AED"
        },
        {
            "type": "Unit",
            "label": "Swedish krona",
            "localName": "SEK"
        },
        {
            "type": "Unit",
            "label": "Cambodian riel",
            "localName": "KHR"
        },
        {
            "type": "Unit",
            "label": "Czech koruna",
            "localName": "CZK"
        },
        {
            "type": "Unit",
            "label": "E.U.A.-9",
            "localName": "XBC"
        },
        {
            "type": "Unit",
            "label": "East Caribbean dollar",
            "localName": "XCD"
        },
        {
            "type": "Unit",
            "label": "Moldovan leu",
            "localName": "MDL"
        },
        {
            "type": "Unit",
            "label": "Bulgarian lev",
            "localName": "BGN"
        },
        {
            "type": "Unit",
            "label": "Dominican peso",
            "localName": "DOP"
        },
        {
            "type": "Unit",
            "label": "Ghanaian cedi",
            "localName": "GHS"
        },
        {
            "type": "Unit",
            "label": "Hungarian forint",
            "localName": "HUF"
        },
        {
            "type": "Unit",
            "label": "Som",
            "localName": "UZS"
        },
        {
            "type": "Unit",
            "label": "Samoan tala",
            "localName": "WST"
        },
        {
            "type": "Unit",
            "label": "Cape Verde escudo",
            "localName": "CVE"
        },
        {
            "type": "Unit",
            "label": "Zambian kwacha",
            "localName": "ZMK"
        },
        {
            "type": "Unit",
            "label": "Kenyan shilling",
            "localName": "KES"
        },
        {
            "type": "Unit",
            "label": "Mexican peso",
            "localName": "MXN"
        },
        {
            "type": "Unit",
            "label": "Turkmenistani manat",
            "localName": "TMT"
        },
        {
            "type": "Unit",
            "label": "WIR Bank",
            "localName": "CHE"
        },
        {
            "type": "Unit",
            "label": "Riyal",
            "localName": "SAR"
        },
        {
            "type": "Unit",
            "label": "Polish z\u0142oty",
            "localName": "PLN"
        },
        {
            "type": "Unit",
            "label": "New Taiwan dollar",
            "localName": "TWD"
        },
        {
            "type": "Unit",
            "label": "Pa'anga",
            "localName": "TOP"
        },
        {
            "type": "Unit",
            "label": "CFA Franc BCEAO",
            "localName": "XOF"
        },
        {
            "type": "Unit",
            "label": "Rwandan franc",
            "localName": "RWF"
        },
        {
            "type": "Unit",
            "label": "Macanese pataca",
            "localName": "MOP"
        },
        {
            "type": "Unit",
            "label": "Saint Helena pound",
            "localName": "SHP"
        },
        {
            "type": "Unit",
            "label": "Namibian dollar",
            "localName": "NAD"
        },
        {
            "type": "Unit",
            "label": "Costa Rican colon",
            "localName": "CRC"
        },
        {
            "type": "Unit",
            "label": "Turkish lira",
            "localName": "TRY"
        },
        {
            "type": "Unit",
            "label": "Bhutanese ngultrum",
            "localName": "BTN"
        },
        {
            "type": "Unit",
            "label": "Nigerian naira",
            "localName": "NGN"
        },
        {
            "type": "Unit",
            "label": "Gibraltar pound",
            "localName": "GIP"
        },
        {
            "type": "Unit",
            "label": "Falkland Islands pound",
            "localName": "FKP"
        },
        {
            "type": "Unit",
            "label": "Uruguayan peso",
            "localName": "UYU"
        },
        {
            "type": "Unit",
            "label": "Lesotho loti",
            "localName": "LSL"
        },
        {
            "type": "Unit",
            "label": "Hryvnia",
            "localName": "UAH"
        },
        {
            "type": "Unit",
            "label": "Iraqi dinar",
            "localName": "IQD"
        },
        {
            "type": "Unit",
            "label": "Indonesian rupiah",
            "localName": "IDR"
        },
        {
            "type": "Unit",
            "label": "Kyrgyzstani som",
            "localName": "KGS"
        },
        {
            "type": "Unit",
            "label": "South Sudanese pound",
            "localName": "SSP"
        },
        {
            "type": "Unit",
            "label": "Lilangeni",
            "localName": "SZL"
        },
        {
            "type": "Unit",
            "label": "Panamanian balboa",
            "localName": "PAB"
        },
        {
            "type": "Unit",
            "label": "Chinese yuan",
            "localName": "CNY"
        },
        {
            "type": "Unit",
            "label": "Tanzanian shilling",
            "localName": "TZS"
        },
        {
            "type": "Unit",
            "label": "Papua New Guinean kina",
            "localName": "PGK"
        },
        {
            "type": "Unit",
            "label": "Ugandan shilling",
            "localName": "UGX"
        },
        {
            "type": "Unit",
            "label": "Zimbabwe dollar",
            "localName": "ZWL"
        },
        {
            "type": "Unit",
            "label": "Botswana pula",
            "localName": "BWP"
        },
        {
            "type": "Unit",
            "label": "Maldivian rufiyaa",
            "localName": "MVR"
        },
        {
            "type": "Unit",
            "label": "Afghan afghani",
            "localName": "AFN"
        },
        {
            "type": "Unit",
            "label": "Hong Kong dollar",
            "localName": "HKD"
        },
        {
            "type": "Unit",
            "label": "Lithuanian litas",
            "localName": "LTL"
        },
        {
            "type": "Unit",
            "label": "\u0111\u1ed3ng",
            "localName": "VND"
        },
        {
            "type": "Unit",
            "label": "Baht",
            "localName": "THB"
        },
        {
            "type": "Unit",
            "label": "E.U.A.-17",
            "localName": "XBD"
        },
        {
            "type": "Unit",
            "label": "Tunisian dinar",
            "localName": "TND"
        },
        {
            "type": "Unit",
            "label": "Special Drawing Rights",
            "localName": "XDR"
        },
        {
            "type": "Unit",
            "label": "Albanian lek",
            "localName": "ALL"
        },
        {
            "type": "Unit",
            "label": "Trinidad and Tobago dollar",
            "localName": "TTD"
        },
        {
            "type": "Unit",
            "label": "Barbados dollar",
            "localName": "BBD"
        },
        {
            "type": "Unit",
            "label": "Netherlands Antillean guilder",
            "localName": "ANG"
        },
        {
            "type": "Unit",
            "label": "Ethiopian birr",
            "localName": "ETB"
        },
        {
            "type": "Unit",
            "label": "Haitian gourde",
            "localName": "HTG"
        },
        {
            "type": "Unit",
            "label": "Mauritian rupee",
            "localName": "MUR"
        },
        {
            "type": "Unit",
            "label": "Fiji dollar",
            "localName": "FJD"
        },
        {
            "type": "Unit",
            "label": "Indian rupee",
            "localName": "INR"
        },
        {
            "type": "Unit",
            "label": "WIR Bank",
            "localName": "CHW"
        },
        {
            "type": "Unit",
            "label": "Somali shilling",
            "localName": "SOS"
        },
        {
            "type": "Unit",
            "label": "Next Day US Dollar",
            "localName": "USN"
        },
        {
            "type": "Unit",
            "label": "Swiss franc",
            "localName": "CHF"
        },
        {
            "type": "Unit",
            "label": "Nepalese rupee",
            "localName": "NPR"
        },
        {
            "type": "Unit",
            "label": "Norwegian krone",
            "localName": "NOK"
        },
        {
            "type": "Unit",
            "label": "Croatian kuna",
            "localName": "HRK"
        },
        {
            "type": "Unit",
            "label": "Kazakhstani tenge",
            "localName": "KZT"
        },
        {
            "type": "Unit",
            "label": "Cuban peso",
            "localName": "CUP"
        },
        {
            "type": "Unit",
            "label": "Comoro franc",
            "localName": "KMF"
        },
        {
            "type": "Unit",
            "label": "Liberian dollar",
            "localName": "LRD"
        },
        {
            "type": "Unit",
            "label": "Paraguayan guaran\u00ed",
            "localName": "PYG"
        },
        {
            "type": "Unit",
            "label": "Mozambican metical",
            "localName": "MZN"
        },
        {
            "type": "Unit",
            "label": "Zambian kwacha",
            "localName": "ZMW"
        },
        {
            "type": "Unit",
            "label": "Silver",
            "localName": "XAG"
        },
        {
            "type": "Unit",
            "label": "Lao kip",
            "localName": "LAK"
        },
        {
            "type": "Unit",
            "label": "Singapore dollar",
            "localName": "SGD"
        },
        {
            "type": "Unit",
            "label": "ADB Unit of Account",
            "localName": "XUA"
        },
        {
            "type": "Unit",
            "label": "Omani rial",
            "localName": "OMR"
        },
        {
            "type": "Unit",
            "label": "Uruguay Peso en Unidades Indexadas",
            "localName": "UYI"
        },
        {
            "type": "Unit",
            "label": "Leone",
            "localName": "SLL"
        },
        {
            "type": "Unit",
            "label": "Colombian peso",
            "localName": "COP"
        },
        {
            "type": "Unit",
            "label": "Venezuelan Bolivar Fuerte",
            "localName": "VEF"
        },
        {
            "type": "Unit",
            "label": "CFA Franc BEAC",
            "localName": "XAF"
        },
        {
            "type": "Unit",
            "label": "Belarusian ruble",
            "localName": "BYN"
        },
        {
            "type": "Unit",
            "label": "Moroccan dirham",
            "localName": "MAD"
        },
        {
            "type": "Unit",
            "label": "Philippine peso",
            "localName": "PHP"
        },
        {
            "type": "Unit",
            "label": "Yemeni rial",
            "localName": "YER"
        },
        {
            "type": "Unit",
            "label": "Argentine peso",
            "localName": "ARS"
        },
        {
            "type": "Unit",
            "label": "North Korean won",
            "localName": "KPW"
        },
        {
            "type": "Unit",
            "label": "Gambian dalasi",
            "localName": "GMD"
        },
        {
            "type": "Unit",
            "label": "Malagasy ariary",
            "localName": "MGA"
        },
        {
            "type": "Unit",
            "label": "Djiboutian franc",
            "localName": "DJF"
        },
        {
            "type": "Unit",
            "label": "S\u00e3o Tom\u00e9 and Pr\u00edncipe dobra",
            "localName": "STD"
        },
        {
            "type": "Unit",
            "label": "Sudanese pound",
            "localName": "SDG"
        },
        {
            "type": "Unit",
            "label": "Latvian lats",
            "localName": "LVL"
        },
        {
            "type": "Unit",
            "label": "Bermuda Dollar",
            "localName": "BMD"
        },
        {
            "type": "Unit",
            "label": "Brunei dollar",
            "localName": "BND"
        },
        {
            "type": "Unit",
            "label": "Gold",
            "localName": "XAU"
        },
        {
            "type": "Unit",
            "label": "Bosnia and Herzegovina convertible mark",
            "localName": "BAM"
        },
        {
            "type": "Unit",
            "label": "Kuwaiti dinar",
            "localName": "KWD"
        },
        {
            "type": "Unit",
            "label": "Azerbaijani manat",
            "localName": "AZN"
        },
        {
            "type": "Unit",
            "label": "EURCO",
            "localName": "XBA"
        },
        {
            "type": "Unit",
            "label": "Platinum",
            "localName": "XPT"
        },
        {
            "type": "Unit",
            "label": "Qatari rial",
            "localName": "QAR"
        },
        {
            "type": "Unit",
            "label": "Brazilian real",
            "localName": "BRL"
        },
        {
            "type": "Unit",
            "label": "Euro",
            "localName": "EUR"
        },
        {
            "type": "Unit",
            "label": "Guatemalan quetzal",
            "localName": "GTQ"
        },
        {
            "type": "Unit",
            "label": "Chilean peso",
            "localName": "CLP"
        },
        {
            "type": "Unit",
            "label": "Belize dollar",
            "localName": "BZD"
        },
        {
            "type": "Unit",
            "label": "Venezualan Bolivar",
            "localName": "VEB"
        },
        {
            "type": "Unit",
            "label": "Pakistani rupee",
            "localName": "PKR"
        }
    ]
}