{
    "http://fasb.org/dqcrules-0009/2021-01-31": [
        {
            "dataType": "xbrli:stringItemType",
            "label": "DQC.US.0009.Element A must be less than or equal to Element B [Abstract]",
            "type": "Concept",
            "isAbstract": "true",
            "periodType": "duration",
            "localName": "Dqc_0009_ElementAMustBeLessThanOrEqualToElementB"
        },
        {
            "dataType": "xbrli:stringItemType",
            "label": "DQC.US.0009 [Abstract]",
            "type": "Concept",
            "isAbstract": "true",
            "periodType": "duration",
            "localName": "Dqc_0009"
        }
    ]
}