{
    "http://fasb.org/dqcrules-0004/2021-01-31": [
        {
            "dataType": "xbrli:stringItemType",
            "label": "DQC.US.0004 [Abstract]",
            "type": "Concept",
            "isAbstract": "true",
            "periodType": "duration",
            "localName": "Dqc_0004"
        },
        {
            "dataType": "xbrli:stringItemType",
            "label": "DQC.US.0004.Value not in default [Abstract]",
            "type": "Concept",
            "isAbstract": "true",
            "periodType": "duration",
            "localName": "Dqc_0004_NoDefault"
        },
        {
            "dataType": "xbrli:stringItemType",
            "label": "DQC.US.0004.Element Values Are Equal [Abstract]",
            "type": "Concept",
            "isAbstract": "true",
            "periodType": "duration",
            "localName": "Dqc_0004_ListOfElements"
        },
        {
            "dataType": "xbrli:stringItemType",
            "label": "DQC.US.0004.Does not run when ConsolidationItemsAxis is used [Abstract]",
            "type": "Concept",
            "isAbstract": "true",
            "periodType": "duration",
            "localName": "Dqc_0004_ConsolidationItemsAxis"
        }
    ]
}