{
    "http://www.xbrl.org/dtr/type/non-numeric": [
        {
            "label": "escapedItemType",
            "localName": "escapedItemType",
            "type": "Type"
        },
        {
            "label": "textBlockItemType",
            "localName": "textBlockItemType",
            "type": "Type"
        },
        {
            "label": "xmlItemType",
            "localName": "xmlItemType",
            "type": "Type"
        },
        {
            "label": "xmlNodesItemType",
            "localName": "xmlNodesItemType",
            "type": "Type"
        },
        {
            "label": "domainItemType",
            "localName": "domainItemType",
            "type": "Type"
        }
    ]
}