{
    "http://fasb.org/dqcrules-0014/2024": [
        {
            "localName": "Dqc_0014",
            "type": "Concept",
            "label": "DQC.US.0014 [Abstract]",
            "isAbstract": "true",
            "dataType": "xbrli:stringItemType",
            "periodType": "duration"
        },
        {
            "localName": "Dqc_0014_NegativeValuesWithNoDimensions",
            "type": "Concept",
            "label": "DQC.US.0014.Negative Values With No Dimensions [Abstract]",
            "isAbstract": "true",
            "dataType": "xbrli:stringItemType",
            "periodType": "duration"
        }
    ]
}