{
    "http://fasb.org/us-types/2017-01-31": [
        {
            "localName": "extensibleListItemType",
            "label": "extensibleListItemType",
            "type": "Type"
        },
        {
            "localName": "fundedStatusItemType",
            "label": "fundedStatusItemType",
            "type": "Type"
        },
        {
            "localName": "flowItemType",
            "label": "flowItemType",
            "type": "Type"
        },
        {
            "localName": "nineDigitItemType",
            "label": "nineDigitItemType",
            "type": "Type"
        },
        {
            "localName": "distributionsReceivedApproach",
            "label": "distributionsReceivedApproach",
            "type": "Type"
        },
        {
            "localName": "restrictedInvestmentItemType",
            "label": "restrictedInvestmentItemType",
            "type": "Type"
        },
        {
            "localName": "MalpracticeInsurance-OccurrenceOrClaims-madeItemType",
            "label": "MalpracticeInsurance-OccurrenceOrClaims-madeItemType",
            "type": "Type"
        },
        {
            "localName": "investmentPledgedItemType",
            "label": "investmentPledgedItemType",
            "type": "Type"
        },
        {
            "localName": "interestRateItemType",
            "label": "interestRateItemType",
            "type": "Type"
        },
        {
            "localName": "zoneStatusItemType",
            "label": "zoneStatusItemType",
            "type": "Type"
        },
        {
            "localName": "durationStringItemType",
            "label": "durationStringItemType",
            "type": "Type"
        },
        {
            "localName": "fundingImprovementAndRehabilitationPlanItemType",
            "label": "fundingImprovementAndRehabilitationPlanItemType",
            "type": "Type"
        },
        {
            "localName": "threeDigitItemType",
            "label": "threeDigitItemType",
            "type": "Type"
        },
        {
            "localName": "authorizedUnlimitedItemType",
            "label": "authorizedUnlimitedItemType",
            "type": "Type"
        },
        {
            "localName": "investmentOnLoanForShortSalesItemType",
            "label": "investmentOnLoanForShortSalesItemType",
            "type": "Type"
        },
        {
            "localName": "yesNoItemType",
            "label": "yesNoItemType",
            "type": "Type"
        },
        {
            "localName": "forfeitureMethod",
            "label": "forfeitureMethod",
            "type": "Type"
        },
        {
            "localName": "surchargeItemType",
            "label": "surchargeItemType",
            "type": "Type"
        },
        {
            "localName": "perUnitItemType",
            "label": "perUnitItemType",
            "type": "Type"
        }
    ]
}