{
    "http://xbrl.sec.gov/invest/2013-01-31": [
        {
            "isAbstract": "false",
            "label": "Investment, Step-up Bond, Interest Rate is for Future Date Flag",
            "type": "Concept",
            "localName": "InvestmentStepupBondInterestRateIsForFutureDateFlag",
            "periodType": "duration",
            "dataType": "xbrli:booleanItemType"
        },
        {
            "isAbstract": "true",
            "label": "Credit Rating Source [Axis]",
            "type": "Concept",
            "localName": "CreditRatingSourceAxis",
            "periodType": "duration",
            "dataType": "xbrli:stringItemType"
        },
        {
            "isAbstract": "true",
            "label": "Investment Warrants Expiration Date Range [Abstract]",
            "type": "Concept",
            "localName": "InvestmentWarrantsExpirationDateRangeAbstract",
            "periodType": "duration",
            "dataType": "xbrli:stringItemType"
        },
        {
            "isAbstract": "false",
            "label": "Investment, Restricted Cash Flag",
            "type": "Concept",
            "localName": "InvestmentRestrictedCashFlag",
            "periodType": "duration",
            "dataType": "xbrli:booleanItemType"
        },
        {
            "isAbstract": "false",
            "label": "Investment Warrants, Exercise Price",
            "type": "Concept",
            "localName": "InvestmentWarrantsExercisePrice",
            "periodType": "duration",
            "dataType": "num:perShareItemType"
        },
        {
            "isAbstract": "false",
            "label": "Investment Title",
            "type": "Concept",
            "localName": "InvestmentTitle",
            "periodType": "duration",
            "dataType": "xbrli:normalizedStringItemType"
        },
        {
            "isAbstract": "false",
            "label": "Investment CFI Code",
            "type": "Concept",
            "localName": "InvestmentCFICode",
            "periodType": "duration",
            "dataType": "xbrli:stringItemType"
        },
        {
            "isAbstract": "false",
            "label": "Investment Contract Country",
            "type": "Concept",
            "localName": "InvestmentContractCountry",
            "periodType": "duration",
            "dataType": "xbrli:normalizedStringItemType"
        },
        {
            "isAbstract": "false",
            "label": "Investment Options, Exercise Price",
            "type": "Concept",
            "localName": "InvestmentOptionsExercisePrice",
            "periodType": "duration",
            "dataType": "num:perShareItemType"
        },
        {
            "isAbstract": "true",
            "label": "Investment Issuer [Axis]",
            "type": "Concept",
            "localName": "InvestmentIssuerAxis",
            "periodType": "duration",
            "dataType": "xbrli:stringItemType"
        },
        {
            "isAbstract": "false",
            "label": "Investment, Interest Rate is Discount Rate at Purchase Flag",
            "type": "Concept",
            "localName": "InvestmentInterestRateIsDiscountRateAtPurchaseFlag",
            "periodType": "duration",
            "dataType": "xbrli:booleanItemType"
        },
        {
            "isAbstract": "true",
            "label": "Investment Geographic Region [Domain]",
            "type": "Concept",
            "localName": "InvestmentGeographicRegionDomain",
            "periodType": "duration",
            "dataType": "nonnum:domainItemType"
        },
        {
            "isAbstract": "true",
            "label": "Investment Sector [Axis]",
            "type": "Concept",
            "localName": "InvestmentSectorAxis",
            "periodType": "duration",
            "dataType": "xbrli:stringItemType"
        },
        {
            "isAbstract": "false",
            "label": "Investment Contract Settlement Date",
            "type": "Concept",
            "localName": "InvestmentContractSettlementDate",
            "periodType": "duration",
            "dataType": "xbrli:dateItemType"
        },
        {
            "isAbstract": "false",
            "label": "Investment Foreign Currency, Contract, Foreign Currency Amount",
            "type": "Concept",
            "localName": "InvestmentForeignCurrencyContractForeignCurrencyAmount",
            "periodType": "instant",
            "dataType": "xbrli:monetaryItemType"
        },
        {
            "isAbstract": "true",
            "label": "Investment Sector [Domain]",
            "type": "Concept",
            "localName": "InvestmentSectorDomain",
            "periodType": "duration",
            "dataType": "nonnum:domainItemType"
        },
        {
            "isAbstract": "true",
            "label": "Investment Contract Counterparty [Domain]",
            "type": "Concept",
            "localName": "InvestmentContractCounterpartyDomain",
            "periodType": "duration",
            "dataType": "nonnum:domainItemType"
        },
        {
            "isAbstract": "true",
            "label": "Investment Securities Class [Axis]",
            "type": "Concept",
            "localName": "InvestmentSecuritiesClassAxis",
            "periodType": "duration",
            "dataType": "xbrli:stringItemType"
        },
        {
            "type": "Type",
            "localName": "foreignCurrencyContractTransactionItemType",
            "label": "foreignCurrencyContractTransactionItemType"
        },
        {
            "type": "Type",
            "localName": "dateStringItemType",
            "label": "dateStringItemType"
        },
        {
            "isAbstract": "false",
            "label": "Investment Contract Volume",
            "type": "Concept",
            "localName": "InvestmentContractVolume",
            "periodType": "instant",
            "dataType": "num:volumeItemType"
        },
        {
            "isAbstract": "true",
            "label": "Investment Identifier [Table]",
            "type": "Concept",
            "localName": "InvestmentIdentifierTable",
            "periodType": "duration",
            "dataType": "xbrli:stringItemType"
        },
        {
            "isAbstract": "false",
            "label": "Investment Interest Rate Type",
            "type": "Concept",
            "localName": "InvestmentInterestRateType",
            "periodType": "duration",
            "dataType": "xbrli:stringItemType"
        },
        {
            "isAbstract": "false",
            "label": "Investment, Interest Rate is Current Rate for Variable Rate Investment Flag",
            "type": "Concept",
            "localName": "InvestmentInterestRateIsCurrentRateForVariableRateInvestmentFlag",
            "periodType": "duration",
            "dataType": "xbrli:booleanItemType"
        },
        {
            "isAbstract": "false",
            "label": "Investment, ADR Flag",
            "type": "Concept",
            "localName": "InvestmentADRFlag",
            "periodType": "duration",
            "dataType": "xbrli:booleanItemType"
        },
        {
            "isAbstract": "false",
            "label": "Derivative, Counterparty",
            "type": "Concept",
            "localName": "DerivativeCounterparty",
            "periodType": "duration",
            "dataType": "xbrli:stringItemType"
        },
        {
            "isAbstract": "false",
            "label": "Investment Interest Rate",
            "type": "Concept",
            "localName": "InvestmentInterestRate",
            "periodType": "duration",
            "dataType": "xbrli:pureItemType"
        },
        {
            "isAbstract": "false",
            "label": "Investment Repurchase Agreement Name of Party",
            "type": "Concept",
            "localName": "InvestmentRepurchaseAgreementNameOfParty",
            "periodType": "duration",
            "dataType": "xbrli:stringItemType"
        },
        {
            "isAbstract": "true",
            "label": "Investment Securities Series [Domain]",
            "type": "Concept",
            "localName": "InvestmentSecuritiesSeriesDomain",
            "periodType": "duration",
            "dataType": "nonnum:domainItemType"
        },
        {
            "isAbstract": "false",
            "label": "Investment Maturity Date Range Start",
            "type": "Concept",
            "localName": "InvestmentMaturityDateRangeStart1",
            "periodType": "duration",
            "dataType": "xbrli:dateItemType"
        },
        {
            "isAbstract": "false",
            "label": "Investment [Text Block]",
            "type": "Concept",
            "localName": "InvestmentTextBlock",
            "periodType": "duration",
            "dataType": "nonnum:textBlockItemType"
        },
        {
            "isAbstract": "false",
            "label": "Investment, Interest Rate Reflects Current Yield Flag",
            "type": "Concept",
            "localName": "InvestmentInterestRateReflectsCurrentYieldFlag",
            "periodType": "duration",
            "dataType": "xbrli:booleanItemType"
        },
        {
            "isAbstract": "false",
            "label": "Investment Repurchase Agreement, Amount to be Received",
            "balanceType": "credit",
            "type": "Concept",
            "localName": "InvestmentRepurchaseAgreementAmountToBeReceived",
            "periodType": "duration",
            "dataType": "xbrli:monetaryItemType"
        },
        {
            "isAbstract": "false",
            "label": "Investment [Table Text Block]",
            "type": "Concept",
            "localName": "InvestmentTableTextBlock",
            "periodType": "duration",
            "dataType": "nonnum:textBlockItemType"
        },
        {
            "isAbstract": "false",
            "label": "Investment Warrants Expiration Date",
            "type": "Concept",
            "localName": "InvestmentWarrantsExpirationDate",
            "periodType": "duration",
            "dataType": "xbrli:dateItemType"
        },
        {
            "isAbstract": "false",
            "label": "Derivative, Nonmonetary Notional Amount",
            "type": "Concept",
            "localName": "DerivativeNonmonetaryNotionalAmount",
            "periodType": "instant",
            "dataType": "xbrli:decimalItemType"
        },
        {
            "isAbstract": "true",
            "label": "Investment Contract [Abstract]",
            "type": "Concept",
            "localName": "InvestmentContractAbstract",
            "periodType": "duration",
            "dataType": "xbrli:stringItemType"
        },
        {
            "isAbstract": "true",
            "label": "Investment [Axis]",
            "type": "Concept",
            "localName": "InvestmentAxis",
            "periodType": "duration",
            "dataType": "xbrli:stringItemType"
        },
        {
            "isAbstract": "true",
            "label": "Investment Issuer [Domain]",
            "type": "Concept",
            "localName": "InvestmentIssuerDomain",
            "periodType": "duration",
            "dataType": "nonnum:domainItemType"
        },
        {
            "isAbstract": "true",
            "label": "ISIN [Member]",
            "type": "Concept",
            "localName": "ISINMember",
            "periodType": "duration",
            "dataType": "nonnum:domainItemType"
        },
        {
            "isAbstract": "true",
            "label": "Investment Identifier [Line Items]",
            "type": "Concept",
            "localName": "InvestmentIdentifierLineItems",
            "periodType": "duration",
            "dataType": "xbrli:stringItemType"
        },
        {
            "isAbstract": "true",
            "label": "Investment Holding [Domain]",
            "type": "Concept",
            "localName": "InvestmentHoldingDomain",
            "periodType": "duration",
            "dataType": "nonnum:domainItemType"
        },
        {
            "isAbstract": "false",
            "label": "Investment, Principal Only Flag",
            "type": "Concept",
            "localName": "InvestmentPrincipalOnlyFlag",
            "periodType": "duration",
            "dataType": "xbrli:booleanItemType"
        },
        {
            "isAbstract": "false",
            "label": "Investment, Additional Information",
            "type": "Concept",
            "localName": "InvestmentAdditionalInformation",
            "periodType": "duration",
            "dataType": "xbrli:stringItemType"
        },
        {
            "isAbstract": "false",
            "label": "Investment Warrants Expiration Date Range End",
            "type": "Concept",
            "localName": "InvestmentWarrantsExpirationDateRangeEnd",
            "periodType": "duration",
            "dataType": "xbrli:dateItemType"
        },
        {
            "isAbstract": "false",
            "label": "Investment Contract Currency",
            "type": "Concept",
            "localName": "InvestmentContractCurrency",
            "periodType": "duration",
            "dataType": "xbrli:normalizedStringItemType"
        },
        {
            "isAbstract": "true",
            "label": "CUSIP [Member]",
            "type": "Concept",
            "localName": "CUSIPMember",
            "periodType": "duration",
            "dataType": "nonnum:domainItemType"
        },
        {
            "isAbstract": "true",
            "label": "Investment, Supplemental Flags [Abstract]",
            "type": "Concept",
            "localName": "InvestmentSupplementalFlagsAbstract",
            "periodType": "duration",
            "dataType": "xbrli:stringItemType"
        },
        {
            "isAbstract": "false",
            "label": "Investment, GDR Flag",
            "type": "Concept",
            "localName": "InvestmentGDRFlag",
            "periodType": "duration",
            "dataType": "xbrli:booleanItemType"
        },
        {
            "isAbstract": "false",
            "label": "Investment Contract Settlement Date Range Start",
            "type": "Concept",
            "localName": "InvestmentContractSettlementDateRangeStart",
            "periodType": "duration",
            "dataType": "xbrli:dateItemType"
        },
        {
            "isAbstract": "true",
            "label": "Investment [Domain]",
            "type": "Concept",
            "localName": "InvestmentDomain",
            "periodType": "duration",
            "dataType": "nonnum:domainItemType"
        },
        {
            "isAbstract": "false",
            "label": "Investment Warrants Expiration Date Range Start",
            "type": "Concept",
            "localName": "InvestmentWarrantsExpirationDateRangeStart",
            "periodType": "duration",
            "dataType": "xbrli:dateItemType"
        },
        {
            "isAbstract": "false",
            "label": "Investment Foreign Currency, Contract, Currency",
            "type": "Concept",
            "localName": "InvestmentForeignCurrencyContractCurrency",
            "periodType": "duration",
            "dataType": "xbrli:stringItemType"
        },
        {
            "isAbstract": "false",
            "label": "Derivative, Notional Amount",
            "type": "Concept",
            "localName": "DerivativeNotionalAmount",
            "periodType": "instant",
            "dataType": "xbrli:monetaryItemType"
        },
        {
            "isAbstract": "true",
            "label": "Investment Geographic Region [Axis]",
            "type": "Concept",
            "localName": "InvestmentGeographicRegionAxis",
            "periodType": "duration",
            "dataType": "xbrli:stringItemType"
        },
        {
            "isAbstract": "false",
            "label": "Investment, Interest Only Flag",
            "type": "Concept",
            "localName": "InvestmentInterestOnlyFlag",
            "periodType": "duration",
            "dataType": "xbrli:booleanItemType"
        },
        {
            "isAbstract": "true",
            "label": "Investment Identifier Scheme [Domain]",
            "type": "Concept",
            "localName": "InvestmentIdentifierSchemeDomain",
            "periodType": "duration",
            "dataType": "nonnum:domainItemType"
        },
        {
            "isAbstract": "true",
            "label": "Investment Options [Abstract]",
            "type": "Concept",
            "localName": "InvestmentOptionsAbstract",
            "periodType": "duration",
            "dataType": "xbrli:stringItemType"
        },
        {
            "isAbstract": "true",
            "label": "Investment Interest Rate Range [Abstract]",
            "type": "Concept",
            "localName": "InvestmentInterestRateRangeAbstract",
            "periodType": "duration",
            "dataType": "xbrli:stringItemType"
        },
        {
            "isAbstract": "true",
            "label": "Internal Identifier Scheme [Member]",
            "type": "Concept",
            "localName": "InternalIdentifierSchemeMember",
            "periodType": "duration",
            "dataType": "nonnum:domainItemType"
        },
        {
            "isAbstract": "false",
            "label": "Derivative, Type of Interest Rate Paid on Swap",
            "type": "Concept",
            "localName": "DerivativeTypeOfInterestRatePaidOnSwap",
            "periodType": "duration",
            "dataType": "xbrli:stringItemType"
        },
        {
            "isAbstract": "true",
            "label": "Investment Maturity Date Range [Abstract]",
            "type": "Concept",
            "localName": "InvestmentMaturityDateRangeAbstract",
            "periodType": "duration",
            "dataType": "xbrli:stringItemType"
        },
        {
            "isAbstract": "true",
            "label": "Investment [Line Items]",
            "type": "Concept",
            "localName": "InvestmentLineItems",
            "periodType": "duration",
            "dataType": "xbrli:stringItemType"
        },
        {
            "isAbstract": "true",
            "label": "Investments Schedule [Abstract]",
            "type": "Concept",
            "localName": "InvestmentsScheduleAbstract",
            "periodType": "duration",
            "dataType": "xbrli:stringItemType"
        },
        {
            "isAbstract": "false",
            "label": "Investment Repurchase Agreement, Description of Investments Subject to Agreement",
            "type": "Concept",
            "localName": "InvestmentRepurchaseAgreementDescriptionOfInvestmentsSubjectToAgreement",
            "periodType": "duration",
            "dataType": "xbrli:stringItemType"
        },
        {
            "isAbstract": "true",
            "label": "Investment Contract Settlement Date Range [Abstract]",
            "type": "Concept",
            "localName": "InvestmentContractSettlementDateRangeAbstract",
            "periodType": "duration",
            "dataType": "xbrli:stringItemType"
        },
        {
            "isAbstract": "false",
            "label": "Investment Maturity Date Range End",
            "type": "Concept",
            "localName": "InvestmentMaturityDateRangeEnd1",
            "periodType": "duration",
            "dataType": "xbrli:dateItemType"
        },
        {
            "isAbstract": "false",
            "label": "Investment Interest Rate Range End",
            "type": "Concept",
            "localName": "InvestmentInterestRateRangeEnd",
            "periodType": "duration",
            "dataType": "xbrli:pureItemType"
        },
        {
            "isAbstract": "false",
            "label": "Investment, Non-Income Producing Flag",
            "type": "Concept",
            "localName": "InvestmentNonIncomeProducingFlag",
            "periodType": "duration",
            "dataType": "xbrli:booleanItemType"
        },
        {
            "isAbstract": "false",
            "label": "Investment, Underlying Investment Identifier",
            "type": "Concept",
            "localName": "InvestmentUnderlyingInvestmentIdentifier",
            "periodType": "duration",
            "dataType": "xbrli:stringItemType"
        },
        {
            "isAbstract": "false",
            "label": "Investment Maturity Date",
            "type": "Concept",
            "localName": "InvestmentMaturityDate1",
            "periodType": "duration",
            "dataType": "xbrli:dateItemType"
        },
        {
            "isAbstract": "true",
            "label": "Investment Identifier Scheme [Axis]",
            "type": "Concept",
            "localName": "InvestmentIdentifierSchemeAxis",
            "periodType": "duration",
            "dataType": "xbrli:stringItemType"
        },
        {
            "isAbstract": "true",
            "label": "Investment Contract Counterparty [Axis]",
            "type": "Concept",
            "localName": "InvestmentContractCounterpartyAxis",
            "periodType": "duration",
            "dataType": "xbrli:stringItemType"
        },
        {
            "isAbstract": "false",
            "label": "Investment Contract Weight",
            "type": "Concept",
            "localName": "InvestmentContractWeight",
            "periodType": "instant",
            "dataType": "xbrli:decimalItemType"
        },
        {
            "isAbstract": "true",
            "label": "Investment Securities Series [Axis]",
            "type": "Concept",
            "localName": "InvestmentSecuritiesSeriesAxis",
            "periodType": "duration",
            "dataType": "xbrli:stringItemType"
        },
        {
            "isAbstract": "false",
            "label": "Investment Table Legend [Text Block]",
            "type": "Concept",
            "localName": "InvestmentTableLegendTextBlock",
            "periodType": "duration",
            "dataType": "nonnum:textBlockItemType"
        },
        {
            "isAbstract": "false",
            "label": "Investment Embedded Table [Text Block]",
            "type": "Concept",
            "localName": "InvestmentEmbeddedTableTextBlock",
            "periodType": "duration",
            "dataType": "nonnum:textBlockItemType"
        },
        {
            "isAbstract": "false",
            "label": "Investment Interest Rate Range Start",
            "type": "Concept",
            "localName": "InvestmentInterestRateRangeStart",
            "periodType": "duration",
            "dataType": "xbrli:pureItemType"
        },
        {
            "isAbstract": "false",
            "label": "Investment Foreign Currency, Contract, Reporting Currency Amount at Date of Origin",
            "type": "Concept",
            "localName": "InvestmentForeignCurrencyContractReportingCurrencyAmountAtDateOfOrigin",
            "periodType": "instant",
            "dataType": "xbrli:monetaryItemType"
        },
        {
            "isAbstract": "true",
            "label": "Investment Securities Class [Domain]",
            "type": "Concept",
            "localName": "InvestmentSecuritiesClassDomain",
            "periodType": "duration",
            "dataType": "nonnum:domainItemType"
        },
        {
            "isAbstract": "true",
            "label": "DUNS [Member]",
            "type": "Concept",
            "localName": "DUNSMember",
            "periodType": "duration",
            "dataType": "nonnum:domainItemType"
        },
        {
            "isAbstract": "true",
            "label": "Investment Holding [Axis]",
            "type": "Concept",
            "localName": "InvestmentHoldingAxis",
            "periodType": "duration",
            "dataType": "xbrli:stringItemType"
        },
        {
            "isAbstract": "true",
            "label": "Investment [Table]",
            "type": "Concept",
            "localName": "InvestmentTable",
            "periodType": "duration",
            "dataType": "xbrli:stringItemType"
        },
        {
            "isAbstract": "true",
            "label": "Investment Derivative, Notional Amount [Abstract]",
            "type": "Concept",
            "localName": "InvestmentDerivativeNotionalAmountAbstract",
            "periodType": "duration",
            "dataType": "xbrli:stringItemType"
        },
        {
            "isAbstract": "false",
            "label": "Investment Foreign Currency, Contract, Amount Purchased",
            "type": "Concept",
            "localName": "InvestmentForeignCurrencyContractAmountPurchased",
            "periodType": "instant",
            "dataType": "xbrli:monetaryItemType"
        },
        {
            "isAbstract": "false",
            "label": "Investment, When Issued Flag",
            "type": "Concept",
            "localName": "InvestmentWhenIssuedFlag",
            "periodType": "duration",
            "dataType": "xbrli:booleanItemType"
        },
        {
            "isAbstract": "false",
            "label": "Investment Repurchase Agreement, Repurchase Date",
            "type": "Concept",
            "localName": "InvestmentRepurchaseAgreementRepurchaseDate",
            "periodType": "duration",
            "dataType": "xbrli:dateItemType"
        },
        {
            "isAbstract": "false",
            "label": "Investment Foreign Currency, Contract, Amount Sold",
            "type": "Concept",
            "localName": "InvestmentForeignCurrencyContractAmountSold",
            "periodType": "instant",
            "dataType": "xbrli:monetaryItemType"
        },
        {
            "isAbstract": "true",
            "label": "Credit Rating Source [Domain]",
            "type": "Concept",
            "localName": "CreditRatingSourceDomain",
            "periodType": "duration",
            "dataType": "nonnum:domainItemType"
        },
        {
            "isAbstract": "false",
            "label": "Investment Contract Settlement Date Range End",
            "type": "Concept",
            "localName": "InvestmentContractSettlementDateRangeEnd",
            "periodType": "duration",
            "dataType": "xbrli:dateItemType"
        },
        {
            "isAbstract": "true",
            "label": "Investment Repurchase Agreement [Abstract]",
            "type": "Concept",
            "localName": "InvestmentRepurchaseAgreementAbstract",
            "periodType": "duration",
            "dataType": "xbrli:stringItemType"
        },
        {
            "isAbstract": "true",
            "label": "SEDOL [Member]",
            "type": "Concept",
            "localName": "SEDOLMember",
            "periodType": "duration",
            "dataType": "nonnum:domainItemType"
        },
        {
            "isAbstract": "false",
            "label": "Investment, Defaulted Security Flag",
            "type": "Concept",
            "localName": "InvestmentDefaultedSecurityFlag",
            "periodType": "duration",
            "dataType": "xbrli:booleanItemType"
        },
        {
            "isAbstract": "true",
            "label": "Investment Foreign Currency, Contract [Abstract]",
            "type": "Concept",
            "localName": "InvestmentForeignCurrencyContractAbstract",
            "periodType": "duration",
            "dataType": "xbrli:stringItemType"
        },
        {
            "isAbstract": "true",
            "label": "Deprecated Items [Abstract]",
            "type": "Concept",
            "localName": "DeprecatedItemsAbstract",
            "periodType": "duration",
            "dataType": "xbrli:stringItemType"
        },
        {
            "isAbstract": "false",
            "label": "Investment Repurchase Agreement, Date of Agreement",
            "type": "Concept",
            "localName": "InvestmentRepurchaseAgreementDateOfAgreement",
            "periodType": "duration",
            "dataType": "xbrli:dateItemType"
        },
        {
            "isAbstract": "false",
            "label": "Investment Options, Expiration Date",
            "type": "Concept",
            "localName": "InvestmentOptionsExpirationDate",
            "periodType": "duration",
            "dataType": "xbrli:dateItemType"
        },
        {
            "isAbstract": "false",
            "label": "Investment Identifier",
            "type": "Concept",
            "localName": "InvestmentIdentifier",
            "periodType": "duration",
            "dataType": "xbrli:stringItemType"
        },
        {
            "isAbstract": "false",
            "label": "Investment Foreign Currency, Contract, Transaction Type Flag",
            "type": "Concept",
            "localName": "InvestmentForeignCurrencyContractTransactionTypeFlag",
            "periodType": "duration",
            "dataType": "invest:foreignCurrencyContractTransactionItemType"
        }
    ]
}