{
    "http://fasb.org/dqcrules-0060/2022": [
        {
            "localName": "Dqc_0060_ElementDependenceForSpecificElements",
            "type": "Concept",
            "label": "DQC.US.0060.Element Dependence for Specific Elements [Abstract]",
            "isAbstract": "true",
            "dataType": "xbrli:stringItemType",
            "periodType": "duration"
        },
        {
            "localName": "Dqc_0060",
            "type": "Concept",
            "label": "DQC.US.0060 [Abstract]",
            "isAbstract": "true",
            "dataType": "xbrli:stringItemType",
            "periodType": "duration"
        }
    ]
}