{
    "http://fasb.org/tin-part/2019-01-31": [
        {
            "dataType": "string",
            "label": "TinModificationDescription",
            "isAbstract": "false",
            "localName": "TinModificationDescription",
            "type": "Reference"
        },
        {
            "dataType": "string",
            "label": "Note",
            "isAbstract": "false",
            "localName": "Note",
            "type": "Reference"
        },
        {
            "dataType": "tin-part:TransitionOptionList",
            "label": "TransitionOption",
            "isAbstract": "false",
            "localName": "TransitionOption",
            "type": "Reference"
        },
        {
            "dataType": "tin-part:elementListItemType",
            "label": "AlternateElementForPeriodOfAndAfterAdoption",
            "isAbstract": "false",
            "localName": "AlternateElementForPeriodOfAndAfterAdoption",
            "type": "Reference"
        },
        {
            "dataType": "string",
            "label": "SourceName",
            "isAbstract": "false",
            "localName": "SourceName",
            "type": "Reference"
        },
        {
            "dataType": "string",
            "label": "Positive_XBRL_Value",
            "isAbstract": "false",
            "localName": "Positive_XBRL_Value",
            "type": "Reference"
        },
        {
            "dataType": "anyURI",
            "label": "extensibleListLinkroleLocation",
            "isAbstract": "false",
            "localName": "extensibleListLinkroleLocation",
            "type": "Reference"
        },
        {
            "dataType": "decimal",
            "label": "SourceVersion",
            "isAbstract": "false",
            "localName": "SourceVersion",
            "type": "Reference"
        },
        {
            "dataType": "QName",
            "label": "extensibleListDomain",
            "isAbstract": "false",
            "localName": "extensibleListDomain",
            "type": "Reference"
        },
        {
            "dataType": "string",
            "label": "Negative_XBRL_Value",
            "isAbstract": "false",
            "localName": "Negative_XBRL_Value",
            "type": "Reference"
        },
        {
            "dataType": "anyURI",
            "label": "URI",
            "isAbstract": "false",
            "localName": "URI",
            "type": "Reference"
        },
        {
            "dataType": "tin-part:elementListItemType",
            "label": "AlternateElementForPeriodsPriorToAdoption",
            "isAbstract": "false",
            "localName": "AlternateElementForPeriodsPriorToAdoption",
            "type": "Reference"
        },
        {
            "dataType": "tin-part:elementListItemType",
            "label": "AlternateElement",
            "isAbstract": "false",
            "localName": "AlternateElement",
            "type": "Reference"
        },
        {
            "dataType": "tin-part:AsuNumber",
            "label": "Source_ASU_Number",
            "isAbstract": "false",
            "localName": "Source_ASU_Number",
            "type": "Reference"
        },
        {
            "dataType": "string",
            "label": "Source",
            "isAbstract": "false",
            "localName": "Source",
            "type": "Reference"
        },
        {
            "dataType": "gYearMonth",
            "label": "PublishDate",
            "isAbstract": "false",
            "localName": "PublishDate",
            "type": "Reference"
        }
    ]
}