{
    "http://xbrl.sec.gov/invest/2013-01-31": [
        {
            "dataType": "xbrli:monetaryItemType",
            "type": "Concept",
            "localName": "InvestmentForeignCurrencyContractAmountSold",
            "periodType": "instant",
            "isAbstract": "false",
            "label": "Investment Foreign Currency, Contract, Amount Sold"
        },
        {
            "dataType": "xbrli:monetaryItemType",
            "type": "Concept",
            "localName": "InvestmentRepurchaseAgreementAmountToBeReceived",
            "periodType": "duration",
            "isAbstract": "false",
            "balanceType": "credit",
            "label": "Investment Repurchase Agreement, Amount to be Received"
        },
        {
            "dataType": "xbrli:stringItemType",
            "type": "Concept",
            "localName": "InvestmentContractCounterpartyAxis",
            "periodType": "duration",
            "isAbstract": "true",
            "label": "Investment Contract Counterparty [Axis]"
        },
        {
            "dataType": "nonnum:domainItemType",
            "type": "Concept",
            "localName": "InvestmentDomain",
            "periodType": "duration",
            "isAbstract": "true",
            "label": "Investment [Domain]"
        },
        {
            "dataType": "xbrli:stringItemType",
            "type": "Concept",
            "localName": "InvestmentRepurchaseAgreementAbstract",
            "periodType": "duration",
            "isAbstract": "true",
            "label": "Investment Repurchase Agreement [Abstract]"
        },
        {
            "dataType": "xbrli:stringItemType",
            "type": "Concept",
            "localName": "InvestmentMaturityDateRangeAbstract",
            "periodType": "duration",
            "isAbstract": "true",
            "label": "Investment Maturity Date Range [Abstract]"
        },
        {
            "type": "Type",
            "label": "dateStringItemType",
            "localName": "dateStringItemType"
        },
        {
            "dataType": "xbrli:stringItemType",
            "type": "Concept",
            "localName": "InvestmentForeignCurrencyContractCurrency",
            "periodType": "duration",
            "isAbstract": "false",
            "label": "Investment Foreign Currency, Contract, Currency"
        },
        {
            "dataType": "xbrli:booleanItemType",
            "type": "Concept",
            "localName": "InvestmentRestrictedCashFlag",
            "periodType": "duration",
            "isAbstract": "false",
            "label": "Investment, Restricted Cash Flag"
        },
        {
            "dataType": "xbrli:booleanItemType",
            "type": "Concept",
            "localName": "InvestmentWhenIssuedFlag",
            "periodType": "duration",
            "isAbstract": "false",
            "label": "Investment, When Issued Flag"
        },
        {
            "dataType": "nonnum:domainItemType",
            "type": "Concept",
            "localName": "InternalIdentifierSchemeMember",
            "periodType": "duration",
            "isAbstract": "true",
            "label": "Internal Identifier Scheme [Member]"
        },
        {
            "dataType": "xbrli:stringItemType",
            "type": "Concept",
            "localName": "InvestmentWarrantsExpirationDateRangeAbstract",
            "periodType": "duration",
            "isAbstract": "true",
            "label": "Investment Warrants Expiration Date Range [Abstract]"
        },
        {
            "dataType": "xbrli:dateItemType",
            "type": "Concept",
            "localName": "InvestmentRepurchaseAgreementDateOfAgreement",
            "periodType": "duration",
            "isAbstract": "false",
            "label": "Investment Repurchase Agreement, Date of Agreement"
        },
        {
            "dataType": "xbrli:stringItemType",
            "type": "Concept",
            "localName": "InvestmentSecuritiesClassAxis",
            "periodType": "duration",
            "isAbstract": "true",
            "label": "Investment Securities Class [Axis]"
        },
        {
            "dataType": "xbrli:monetaryItemType",
            "type": "Concept",
            "localName": "InvestmentForeignCurrencyContractReportingCurrencyAmountAtDateOfOrigin",
            "periodType": "instant",
            "isAbstract": "false",
            "label": "Investment Foreign Currency, Contract, Reporting Currency Amount at Date of Origin"
        },
        {
            "dataType": "xbrli:stringItemType",
            "type": "Concept",
            "localName": "DerivativeCounterparty",
            "periodType": "duration",
            "isAbstract": "false",
            "label": "Derivative, Counterparty"
        },
        {
            "dataType": "xbrli:booleanItemType",
            "type": "Concept",
            "localName": "InvestmentPrincipalOnlyFlag",
            "periodType": "duration",
            "isAbstract": "false",
            "label": "Investment, Principal Only Flag"
        },
        {
            "dataType": "xbrli:stringItemType",
            "type": "Concept",
            "localName": "InvestmentHoldingAxis",
            "periodType": "duration",
            "isAbstract": "true",
            "label": "Investment Holding [Axis]"
        },
        {
            "dataType": "xbrli:dateItemType",
            "type": "Concept",
            "localName": "InvestmentOptionsExpirationDate",
            "periodType": "duration",
            "isAbstract": "false",
            "label": "Investment Options, Expiration Date"
        },
        {
            "dataType": "xbrli:dateItemType",
            "type": "Concept",
            "localName": "InvestmentWarrantsExpirationDateRangeStart",
            "periodType": "duration",
            "isAbstract": "false",
            "label": "Investment Warrants Expiration Date Range Start"
        },
        {
            "dataType": "xbrli:stringItemType",
            "type": "Concept",
            "localName": "InvestmentIdentifierSchemeAxis",
            "periodType": "duration",
            "isAbstract": "true",
            "label": "Investment Identifier Scheme [Axis]"
        },
        {
            "dataType": "xbrli:stringItemType",
            "type": "Concept",
            "localName": "InvestmentUnderlyingInvestmentIdentifier",
            "periodType": "duration",
            "isAbstract": "false",
            "label": "Investment, Underlying Investment Identifier"
        },
        {
            "dataType": "xbrli:decimalItemType",
            "type": "Concept",
            "localName": "DerivativeNonmonetaryNotionalAmount",
            "periodType": "instant",
            "isAbstract": "false",
            "label": "Derivative, Nonmonetary Notional Amount"
        },
        {
            "dataType": "xbrli:dateItemType",
            "type": "Concept",
            "localName": "InvestmentWarrantsExpirationDateRangeEnd",
            "periodType": "duration",
            "isAbstract": "false",
            "label": "Investment Warrants Expiration Date Range End"
        },
        {
            "dataType": "num:volumeItemType",
            "type": "Concept",
            "localName": "InvestmentContractVolume",
            "periodType": "instant",
            "isAbstract": "false",
            "label": "Investment Contract Volume"
        },
        {
            "dataType": "nonnum:domainItemType",
            "type": "Concept",
            "localName": "CUSIPMember",
            "periodType": "duration",
            "isAbstract": "true",
            "label": "CUSIP [Member]"
        },
        {
            "dataType": "xbrli:stringItemType",
            "type": "Concept",
            "localName": "InvestmentInterestRateType",
            "periodType": "duration",
            "isAbstract": "false",
            "label": "Investment Interest Rate Type"
        },
        {
            "dataType": "nonnum:domainItemType",
            "type": "Concept",
            "localName": "CreditRatingSourceDomain",
            "periodType": "duration",
            "isAbstract": "true",
            "label": "Credit Rating Source [Domain]"
        },
        {
            "dataType": "xbrli:normalizedStringItemType",
            "type": "Concept",
            "localName": "InvestmentContractCountry",
            "periodType": "duration",
            "isAbstract": "false",
            "label": "Investment Contract Country"
        },
        {
            "dataType": "xbrli:booleanItemType",
            "type": "Concept",
            "localName": "InvestmentInterestRateIsDiscountRateAtPurchaseFlag",
            "periodType": "duration",
            "isAbstract": "false",
            "label": "Investment, Interest Rate is Discount Rate at Purchase Flag"
        },
        {
            "dataType": "nonnum:domainItemType",
            "type": "Concept",
            "localName": "InvestmentIdentifierSchemeDomain",
            "periodType": "duration",
            "isAbstract": "true",
            "label": "Investment Identifier Scheme [Domain]"
        },
        {
            "dataType": "xbrli:booleanItemType",
            "type": "Concept",
            "localName": "InvestmentInterestRateReflectsCurrentYieldFlag",
            "periodType": "duration",
            "isAbstract": "false",
            "label": "Investment, Interest Rate Reflects Current Yield Flag"
        },
        {
            "dataType": "xbrli:stringItemType",
            "type": "Concept",
            "localName": "InvestmentGeographicRegionAxis",
            "periodType": "duration",
            "isAbstract": "true",
            "label": "Investment Geographic Region [Axis]"
        },
        {
            "dataType": "nonnum:domainItemType",
            "type": "Concept",
            "localName": "InvestmentGeographicRegionDomain",
            "periodType": "duration",
            "isAbstract": "true",
            "label": "Investment Geographic Region [Domain]"
        },
        {
            "dataType": "xbrli:decimalItemType",
            "type": "Concept",
            "localName": "InvestmentContractWeight",
            "periodType": "instant",
            "isAbstract": "false",
            "label": "Investment Contract Weight"
        },
        {
            "dataType": "nonnum:textBlockItemType",
            "type": "Concept",
            "localName": "InvestmentTableTextBlock",
            "periodType": "duration",
            "isAbstract": "false",
            "label": "Investment [Table Text Block]"
        },
        {
            "dataType": "xbrli:stringItemType",
            "type": "Concept",
            "localName": "InvestmentLineItems",
            "periodType": "duration",
            "isAbstract": "true",
            "label": "Investment [Line Items]"
        },
        {
            "dataType": "xbrli:dateItemType",
            "type": "Concept",
            "localName": "InvestmentContractSettlementDateRangeEnd",
            "periodType": "duration",
            "isAbstract": "false",
            "label": "Investment Contract Settlement Date Range End"
        },
        {
            "dataType": "xbrli:booleanItemType",
            "type": "Concept",
            "localName": "InvestmentInterestOnlyFlag",
            "periodType": "duration",
            "isAbstract": "false",
            "label": "Investment, Interest Only Flag"
        },
        {
            "dataType": "xbrli:stringItemType",
            "type": "Concept",
            "localName": "InvestmentAxis",
            "periodType": "duration",
            "isAbstract": "true",
            "label": "Investment [Axis]"
        },
        {
            "dataType": "nonnum:domainItemType",
            "type": "Concept",
            "localName": "SEDOLMember",
            "periodType": "duration",
            "isAbstract": "true",
            "label": "SEDOL [Member]"
        },
        {
            "dataType": "xbrli:stringItemType",
            "type": "Concept",
            "localName": "InvestmentContractAbstract",
            "periodType": "duration",
            "isAbstract": "true",
            "label": "Investment Contract [Abstract]"
        },
        {
            "type": "Type",
            "label": "foreignCurrencyContractTransactionItemType",
            "localName": "foreignCurrencyContractTransactionItemType"
        },
        {
            "dataType": "nonnum:domainItemType",
            "type": "Concept",
            "localName": "InvestmentIssuerDomain",
            "periodType": "duration",
            "isAbstract": "true",
            "label": "Investment Issuer [Domain]"
        },
        {
            "dataType": "xbrli:stringItemType",
            "type": "Concept",
            "localName": "InvestmentSupplementalFlagsAbstract",
            "periodType": "duration",
            "isAbstract": "true",
            "label": "Investment, Supplemental Flags [Abstract]"
        },
        {
            "dataType": "xbrli:booleanItemType",
            "type": "Concept",
            "localName": "InvestmentNonIncomeProducingFlag",
            "periodType": "duration",
            "isAbstract": "false",
            "label": "Investment, Non-Income Producing Flag"
        },
        {
            "dataType": "xbrli:dateItemType",
            "type": "Concept",
            "localName": "InvestmentWarrantsExpirationDate",
            "periodType": "duration",
            "isAbstract": "false",
            "label": "Investment Warrants Expiration Date"
        },
        {
            "dataType": "xbrli:dateItemType",
            "type": "Concept",
            "localName": "InvestmentContractSettlementDateRangeStart",
            "periodType": "duration",
            "isAbstract": "false",
            "label": "Investment Contract Settlement Date Range Start"
        },
        {
            "dataType": "xbrli:booleanItemType",
            "type": "Concept",
            "localName": "InvestmentDefaultedSecurityFlag",
            "periodType": "duration",
            "isAbstract": "false",
            "label": "Investment, Defaulted Security Flag"
        },
        {
            "dataType": "xbrli:dateItemType",
            "type": "Concept",
            "localName": "InvestmentContractSettlementDate",
            "periodType": "duration",
            "isAbstract": "false",
            "label": "Investment Contract Settlement Date"
        },
        {
            "dataType": "xbrli:stringItemType",
            "type": "Concept",
            "localName": "InvestmentsScheduleAbstract",
            "periodType": "duration",
            "isAbstract": "true",
            "label": "Investments Schedule [Abstract]"
        },
        {
            "dataType": "xbrli:stringItemType",
            "type": "Concept",
            "localName": "InvestmentIdentifier",
            "periodType": "duration",
            "isAbstract": "false",
            "label": "Investment Identifier"
        },
        {
            "dataType": "xbrli:stringItemType",
            "type": "Concept",
            "localName": "InvestmentInterestRateRangeAbstract",
            "periodType": "duration",
            "isAbstract": "true",
            "label": "Investment Interest Rate Range [Abstract]"
        },
        {
            "dataType": "invest:foreignCurrencyContractTransactionItemType",
            "type": "Concept",
            "localName": "InvestmentForeignCurrencyContractTransactionTypeFlag",
            "periodType": "duration",
            "isAbstract": "false",
            "label": "Investment Foreign Currency, Contract, Transaction Type Flag"
        },
        {
            "dataType": "xbrli:stringItemType",
            "type": "Concept",
            "localName": "InvestmentRepurchaseAgreementDescriptionOfInvestmentsSubjectToAgreement",
            "periodType": "duration",
            "isAbstract": "false",
            "label": "Investment Repurchase Agreement, Description of Investments Subject to Agreement"
        },
        {
            "dataType": "xbrli:dateItemType",
            "type": "Concept",
            "localName": "InvestmentMaturityDate1",
            "periodType": "duration",
            "isAbstract": "false",
            "label": "Investment Maturity Date"
        },
        {
            "dataType": "xbrli:stringItemType",
            "type": "Concept",
            "localName": "InvestmentIssuerAxis",
            "periodType": "duration",
            "isAbstract": "true",
            "label": "Investment Issuer [Axis]"
        },
        {
            "dataType": "xbrli:stringItemType",
            "type": "Concept",
            "localName": "InvestmentAdditionalInformation",
            "periodType": "duration",
            "isAbstract": "false",
            "label": "Investment, Additional Information"
        },
        {
            "dataType": "xbrli:stringItemType",
            "type": "Concept",
            "localName": "InvestmentContractSettlementDateRangeAbstract",
            "periodType": "duration",
            "isAbstract": "true",
            "label": "Investment Contract Settlement Date Range [Abstract]"
        },
        {
            "dataType": "xbrli:stringItemType",
            "type": "Concept",
            "localName": "InvestmentForeignCurrencyContractAbstract",
            "periodType": "duration",
            "isAbstract": "true",
            "label": "Investment Foreign Currency, Contract [Abstract]"
        },
        {
            "dataType": "nonnum:textBlockItemType",
            "type": "Concept",
            "localName": "InvestmentTextBlock",
            "periodType": "duration",
            "isAbstract": "false",
            "label": "Investment [Text Block]"
        },
        {
            "dataType": "xbrli:booleanItemType",
            "type": "Concept",
            "localName": "InvestmentStepupBondInterestRateIsForFutureDateFlag",
            "periodType": "duration",
            "isAbstract": "false",
            "label": "Investment, Step-up Bond, Interest Rate is for Future Date Flag"
        },
        {
            "dataType": "xbrli:pureItemType",
            "type": "Concept",
            "localName": "InvestmentInterestRate",
            "periodType": "duration",
            "isAbstract": "false",
            "label": "Investment Interest Rate"
        },
        {
            "dataType": "xbrli:stringItemType",
            "type": "Concept",
            "localName": "InvestmentOptionsAbstract",
            "periodType": "duration",
            "isAbstract": "true",
            "label": "Investment Options [Abstract]"
        },
        {
            "dataType": "xbrli:dateItemType",
            "type": "Concept",
            "localName": "InvestmentMaturityDateRangeStart1",
            "periodType": "duration",
            "isAbstract": "false",
            "label": "Investment Maturity Date Range Start"
        },
        {
            "dataType": "nonnum:domainItemType",
            "type": "Concept",
            "localName": "InvestmentHoldingDomain",
            "periodType": "duration",
            "isAbstract": "true",
            "label": "Investment Holding [Domain]"
        },
        {
            "dataType": "xbrli:monetaryItemType",
            "type": "Concept",
            "localName": "InvestmentForeignCurrencyContractAmountPurchased",
            "periodType": "instant",
            "isAbstract": "false",
            "label": "Investment Foreign Currency, Contract, Amount Purchased"
        },
        {
            "dataType": "xbrli:pureItemType",
            "type": "Concept",
            "localName": "InvestmentInterestRateRangeStart",
            "periodType": "duration",
            "isAbstract": "false",
            "label": "Investment Interest Rate Range Start"
        },
        {
            "dataType": "xbrli:stringItemType",
            "type": "Concept",
            "localName": "InvestmentTable",
            "periodType": "duration",
            "isAbstract": "true",
            "label": "Investment [Table]"
        },
        {
            "dataType": "xbrli:stringItemType",
            "type": "Concept",
            "localName": "CreditRatingSourceAxis",
            "periodType": "duration",
            "isAbstract": "true",
            "label": "Credit Rating Source [Axis]"
        },
        {
            "dataType": "nonnum:domainItemType",
            "type": "Concept",
            "localName": "InvestmentSecuritiesSeriesDomain",
            "periodType": "duration",
            "isAbstract": "true",
            "label": "Investment Securities Series [Domain]"
        },
        {
            "dataType": "xbrli:stringItemType",
            "type": "Concept",
            "localName": "InvestmentRepurchaseAgreementNameOfParty",
            "periodType": "duration",
            "isAbstract": "false",
            "label": "Investment Repurchase Agreement Name of Party"
        },
        {
            "dataType": "xbrli:stringItemType",
            "type": "Concept",
            "localName": "InvestmentSecuritiesSeriesAxis",
            "periodType": "duration",
            "isAbstract": "true",
            "label": "Investment Securities Series [Axis]"
        },
        {
            "dataType": "xbrli:monetaryItemType",
            "type": "Concept",
            "localName": "DerivativeNotionalAmount",
            "periodType": "instant",
            "isAbstract": "false",
            "label": "Derivative, Notional Amount"
        },
        {
            "dataType": "nonnum:textBlockItemType",
            "type": "Concept",
            "localName": "InvestmentEmbeddedTableTextBlock",
            "periodType": "duration",
            "isAbstract": "false",
            "label": "Investment Embedded Table [Text Block]"
        },
        {
            "dataType": "nonnum:textBlockItemType",
            "type": "Concept",
            "localName": "InvestmentTableLegendTextBlock",
            "periodType": "duration",
            "isAbstract": "false",
            "label": "Investment Table Legend [Text Block]"
        },
        {
            "dataType": "xbrli:stringItemType",
            "type": "Concept",
            "localName": "InvestmentIdentifierLineItems",
            "periodType": "duration",
            "isAbstract": "true",
            "label": "Investment Identifier [Line Items]"
        },
        {
            "dataType": "xbrli:booleanItemType",
            "type": "Concept",
            "localName": "InvestmentInterestRateIsCurrentRateForVariableRateInvestmentFlag",
            "periodType": "duration",
            "isAbstract": "false",
            "label": "Investment, Interest Rate is Current Rate for Variable Rate Investment Flag"
        },
        {
            "dataType": "xbrli:dateItemType",
            "type": "Concept",
            "localName": "InvestmentMaturityDateRangeEnd1",
            "periodType": "duration",
            "isAbstract": "false",
            "label": "Investment Maturity Date Range End"
        },
        {
            "dataType": "nonnum:domainItemType",
            "type": "Concept",
            "localName": "InvestmentSecuritiesClassDomain",
            "periodType": "duration",
            "isAbstract": "true",
            "label": "Investment Securities Class [Domain]"
        },
        {
            "dataType": "xbrli:booleanItemType",
            "type": "Concept",
            "localName": "InvestmentADRFlag",
            "periodType": "duration",
            "isAbstract": "false",
            "label": "Investment, ADR Flag"
        },
        {
            "dataType": "xbrli:monetaryItemType",
            "type": "Concept",
            "localName": "InvestmentForeignCurrencyContractForeignCurrencyAmount",
            "periodType": "instant",
            "isAbstract": "false",
            "label": "Investment Foreign Currency, Contract, Foreign Currency Amount"
        },
        {
            "dataType": "num:perShareItemType",
            "type": "Concept",
            "localName": "InvestmentOptionsExercisePrice",
            "periodType": "duration",
            "isAbstract": "false",
            "label": "Investment Options, Exercise Price"
        },
        {
            "dataType": "nonnum:domainItemType",
            "type": "Concept",
            "localName": "ISINMember",
            "periodType": "duration",
            "isAbstract": "true",
            "label": "ISIN [Member]"
        },
        {
            "dataType": "num:perShareItemType",
            "type": "Concept",
            "localName": "InvestmentWarrantsExercisePrice",
            "periodType": "duration",
            "isAbstract": "false",
            "label": "Investment Warrants, Exercise Price"
        },
        {
            "dataType": "nonnum:domainItemType",
            "type": "Concept",
            "localName": "DUNSMember",
            "periodType": "duration",
            "isAbstract": "true",
            "label": "DUNS [Member]"
        },
        {
            "dataType": "xbrli:normalizedStringItemType",
            "type": "Concept",
            "localName": "InvestmentTitle",
            "periodType": "duration",
            "isAbstract": "false",
            "label": "Investment Title"
        },
        {
            "dataType": "xbrli:pureItemType",
            "type": "Concept",
            "localName": "InvestmentInterestRateRangeEnd",
            "periodType": "duration",
            "isAbstract": "false",
            "label": "Investment Interest Rate Range End"
        },
        {
            "dataType": "xbrli:stringItemType",
            "type": "Concept",
            "localName": "InvestmentDerivativeNotionalAmountAbstract",
            "periodType": "duration",
            "isAbstract": "true",
            "label": "Investment Derivative, Notional Amount [Abstract]"
        },
        {
            "dataType": "nonnum:domainItemType",
            "type": "Concept",
            "localName": "InvestmentSectorDomain",
            "periodType": "duration",
            "isAbstract": "true",
            "label": "Investment Sector [Domain]"
        },
        {
            "dataType": "xbrli:booleanItemType",
            "type": "Concept",
            "localName": "InvestmentGDRFlag",
            "periodType": "duration",
            "isAbstract": "false",
            "label": "Investment, GDR Flag"
        },
        {
            "dataType": "xbrli:normalizedStringItemType",
            "type": "Concept",
            "localName": "InvestmentContractCurrency",
            "periodType": "duration",
            "isAbstract": "false",
            "label": "Investment Contract Currency"
        },
        {
            "dataType": "xbrli:dateItemType",
            "type": "Concept",
            "localName": "InvestmentRepurchaseAgreementRepurchaseDate",
            "periodType": "duration",
            "isAbstract": "false",
            "label": "Investment Repurchase Agreement, Repurchase Date"
        },
        {
            "dataType": "xbrli:stringItemType",
            "type": "Concept",
            "localName": "InvestmentIdentifierTable",
            "periodType": "duration",
            "isAbstract": "true",
            "label": "Investment Identifier [Table]"
        },
        {
            "dataType": "xbrli:stringItemType",
            "type": "Concept",
            "localName": "InvestmentCFICode",
            "periodType": "duration",
            "isAbstract": "false",
            "label": "Investment CFI Code"
        },
        {
            "dataType": "xbrli:stringItemType",
            "type": "Concept",
            "localName": "DerivativeTypeOfInterestRatePaidOnSwap",
            "periodType": "duration",
            "isAbstract": "false",
            "label": "Derivative, Type of Interest Rate Paid on Swap"
        },
        {
            "dataType": "xbrli:stringItemType",
            "type": "Concept",
            "localName": "DeprecatedItemsAbstract",
            "periodType": "duration",
            "isAbstract": "true",
            "label": "Deprecated Items [Abstract]"
        },
        {
            "dataType": "nonnum:domainItemType",
            "type": "Concept",
            "localName": "InvestmentContractCounterpartyDomain",
            "periodType": "duration",
            "isAbstract": "true",
            "label": "Investment Contract Counterparty [Domain]"
        },
        {
            "dataType": "xbrli:stringItemType",
            "type": "Concept",
            "localName": "InvestmentSectorAxis",
            "periodType": "duration",
            "isAbstract": "true",
            "label": "Investment Sector [Axis]"
        }
    ]
}