{
    "http://www.xbrl.org/dtr/type/non-numeric": [
        {
            "type": "Type",
            "label": "textBlockItemType",
            "localName": "textBlockItemType"
        },
        {
            "type": "Type",
            "label": "domainItemType",
            "localName": "domainItemType"
        },
        {
            "type": "Type",
            "label": "escapedItemType",
            "localName": "escapedItemType"
        },
        {
            "type": "Type",
            "label": "xmlItemType",
            "localName": "xmlItemType"
        },
        {
            "type": "Type",
            "label": "xmlNodesItemType",
            "localName": "xmlNodesItemType"
        }
    ]
}