{
    "http://xbrl.sec.gov/dei/2014-01-31": [
        {
            "dataType": "xbrli:stringItemType",
            "type": "Concept",
            "localName": "ContainedFileInformationFileDescription",
            "periodType": "duration",
            "isAbstract": "false",
            "label": "Contained File Information, File Description"
        },
        {
            "dataType": "nonnum:textBlockItemType",
            "type": "Concept",
            "localName": "DocumentInformationTextBlock",
            "periodType": "duration",
            "isAbstract": "false",
            "label": "Document Information [Text Block]"
        },
        {
            "dataType": "xbrli:dateItemType",
            "type": "Concept",
            "localName": "EntityInformationDateToChangeFormerLegalOrRegisteredName",
            "periodType": "duration",
            "isAbstract": "false",
            "label": "Entity Information, Date to Change Former Legal or Registered Name"
        },
        {
            "dataType": "xbrli:stringItemType",
            "type": "Concept",
            "localName": "DocumentInformationLineItems",
            "periodType": "duration",
            "isAbstract": "true",
            "label": "Document Information [Line Items]"
        },
        {
            "dataType": "xbrli:gMonthDayItemType",
            "type": "Concept",
            "localName": "CurrentFiscalYearEndDate",
            "periodType": "duration",
            "isAbstract": "false",
            "label": "Current Fiscal Year End Date"
        },
        {
            "dataType": "nonnum:domainItemType",
            "type": "Concept",
            "localName": "LegalAddressMember",
            "periodType": "duration",
            "isAbstract": "true",
            "label": "Legal Address [Member]"
        },
        {
            "dataType": "xbrli:stringItemType",
            "type": "Concept",
            "localName": "LegalEntityAxis",
            "periodType": "duration",
            "isAbstract": "true",
            "label": "Legal Entity [Axis]"
        },
        {
            "dataType": "xbrli:normalizedStringItemType",
            "type": "Concept",
            "localName": "EntityAddressPostalZipCode",
            "periodType": "duration",
            "isAbstract": "false",
            "label": "Entity Address, Postal Zip Code"
        },
        {
            "dataType": "xbrli:normalizedStringItemType",
            "type": "Concept",
            "localName": "RegistrationStatementAmendmentNumber",
            "periodType": "duration",
            "isAbstract": "false",
            "label": "Registration Statement Amendment Number"
        },
        {
            "dataType": "xbrli:stringItemType",
            "type": "Concept",
            "localName": "EntityPhoneFaxNumbersPhoneFaxNumberTypeAxis",
            "periodType": "duration",
            "isAbstract": "true",
            "label": "Entity Phone Fax Numbers, Phone Fax Number Type [Axis]"
        },
        {
            "dataType": "nonnum:domainItemType",
            "type": "Concept",
            "localName": "LocationDomain",
            "periodType": "duration",
            "isAbstract": "true",
            "label": "Location [Domain]"
        },
        {
            "dataType": "nonnum:domainItemType",
            "type": "Concept",
            "localName": "LegalPhoneMember",
            "periodType": "duration",
            "isAbstract": "true",
            "label": "Legal Phone [Member]"
        },
        {
            "dataType": "xbrli:stringItemType",
            "type": "Concept",
            "localName": "EntityNorthAmericanIndustryClassificationsTable",
            "periodType": "duration",
            "isAbstract": "true",
            "label": "Entity North American Industry Classifications [Table]"
        },
        {
            "dataType": "xbrli:normalizedStringItemType",
            "type": "Concept",
            "localName": "DocumentName",
            "periodType": "duration",
            "isAbstract": "false",
            "label": "Document Name"
        },
        {
            "dataType": "xbrli:stringItemType",
            "type": "Concept",
            "localName": "EntitySectorIndustryClassificationsTable",
            "periodType": "duration",
            "isAbstract": "true",
            "label": "Entity Sector Industry Classifications [Table]"
        },
        {
            "dataType": "nonnum:domainItemType",
            "type": "Concept",
            "localName": "BusinessContactMember",
            "periodType": "duration",
            "isAbstract": "true",
            "label": "Business Contact [Member]"
        },
        {
            "dataType": "dei:yesNoItemType",
            "type": "Concept",
            "localName": "EntityListingPrimary",
            "periodType": "duration",
            "isAbstract": "false",
            "label": "Entity Listing, Primary"
        },
        {
            "dataType": "xbrli:normalizedStringItemType",
            "type": "Concept",
            "localName": "EntityAddressStateOrProvince",
            "periodType": "duration",
            "isAbstract": "false",
            "label": "Entity Address, State or Province"
        },
        {
            "dataType": "xbrli:stringItemType",
            "type": "Concept",
            "localName": "AmendmentDescription",
            "periodType": "duration",
            "isAbstract": "false",
            "label": "Amendment Description"
        },
        {
            "dataType": "nonnum:domainItemType",
            "type": "Concept",
            "localName": "ExchangeDomain",
            "periodType": "duration",
            "isAbstract": "true",
            "label": "Exchange [Domain]"
        },
        {
            "dataType": "xbrli:stringItemType",
            "type": "Concept",
            "localName": "EntityListingsTable",
            "periodType": "duration",
            "isAbstract": "true",
            "label": "Entity Listings [Table]"
        },
        {
            "dataType": "xbrli:normalizedStringItemType",
            "type": "Concept",
            "localName": "EntityAddressAddressLine1",
            "periodType": "duration",
            "isAbstract": "false",
            "label": "Entity Address, Address Line One"
        },
        {
            "dataType": "xbrli:normalizedStringItemType",
            "type": "Concept",
            "localName": "DocumentTitle",
            "periodType": "duration",
            "isAbstract": "false",
            "label": "Document Title"
        },
        {
            "type": "Type",
            "label": "submissionTypeItemType",
            "localName": "submissionTypeItemType"
        },
        {
            "dataType": "xbrli:normalizedStringItemType",
            "type": "Concept",
            "localName": "CountryRegion",
            "periodType": "duration",
            "isAbstract": "false",
            "label": "Country Region"
        },
        {
            "dataType": "xbrli:normalizedStringItemType",
            "type": "Concept",
            "localName": "EntityIncorporationStateCountryName",
            "periodType": "duration",
            "isAbstract": "false",
            "label": "Entity Incorporation, State Country Name"
        },
        {
            "dataType": "xbrli:stringItemType",
            "type": "Concept",
            "localName": "EntityContactPersonnelTable",
            "periodType": "duration",
            "isAbstract": "true",
            "label": "Entity Contact Personnel [Table]"
        },
        {
            "dataType": "xbrli:stringItemType",
            "type": "Concept",
            "localName": "EntityListingsInstrumentAxis",
            "periodType": "duration",
            "isAbstract": "true",
            "label": "Entity Listings, Instrument [Axis]"
        },
        {
            "type": "Type",
            "label": "yesNoItemType",
            "localName": "yesNoItemType"
        },
        {
            "dataType": "xbrli:gYearItemType",
            "type": "Concept",
            "localName": "DocumentFiscalYearFocus",
            "periodType": "duration",
            "isAbstract": "false",
            "label": "Document Fiscal Year Focus"
        },
        {
            "dataType": "xbrli:stringItemType",
            "type": "Concept",
            "localName": "EntitySectorIndustryClassificationsLineItems",
            "periodType": "duration",
            "isAbstract": "true",
            "label": "Entity Sector Industry Classifications [Line Items]"
        },
        {
            "dataType": "xbrli:normalizedStringItemType",
            "type": "Concept",
            "localName": "EntityAddressAddressLine2",
            "periodType": "duration",
            "isAbstract": "false",
            "label": "Entity Address, Address Line Two"
        },
        {
            "dataType": "dei:nineDigitItemType",
            "type": "Concept",
            "localName": "EntityTaxIdentificationNumber",
            "periodType": "duration",
            "isAbstract": "false",
            "label": "Entity Tax Identification Number"
        },
        {
            "dataType": "dei:legalEntityIdentifierItemType",
            "type": "Concept",
            "localName": "LegalEntityIdentifier",
            "periodType": "duration",
            "isAbstract": "false",
            "label": "Legal Entity Identifier"
        },
        {
            "dataType": "nonnum:domainItemType",
            "type": "Concept",
            "localName": "InvestorRelationsContactMember",
            "periodType": "duration",
            "isAbstract": "true",
            "label": "Investor Relations Contact [Member]"
        },
        {
            "dataType": "nonnum:domainItemType",
            "type": "Concept",
            "localName": "HumanResourcesContactMember",
            "periodType": "duration",
            "isAbstract": "true",
            "label": "Human Resources Contact [Member]"
        },
        {
            "dataType": "xbrli:stringItemType",
            "type": "Concept",
            "localName": "EntityAddressAddressDescription",
            "periodType": "duration",
            "isAbstract": "false",
            "label": "Entity Address, Address Description"
        },
        {
            "dataType": "xbrli:stringItemType",
            "type": "Concept",
            "localName": "EntityPhoneFaxNumbersTable",
            "periodType": "duration",
            "isAbstract": "true",
            "label": "Entity Phone Fax Numbers [Table]"
        },
        {
            "dataType": "xbrli:normalizedStringItemType",
            "type": "Concept",
            "localName": "ContactPersonnelEmailAddress",
            "periodType": "duration",
            "isAbstract": "false",
            "label": "Contact Personnel Email Address"
        },
        {
            "dataType": "dei:filerCategoryItemType",
            "type": "Concept",
            "localName": "EntityFilerCategory",
            "periodType": "duration",
            "isAbstract": "false",
            "label": "Entity Filer Category"
        },
        {
            "dataType": "xbrli:normalizedStringItemType",
            "type": "Concept",
            "localName": "DocumentVersion",
            "periodType": "duration",
            "isAbstract": "false",
            "label": "Document Version"
        },
        {
            "dataType": "xbrli:normalizedStringItemType",
            "type": "Concept",
            "localName": "EntityOtherIdentificationType",
            "periodType": "duration",
            "isAbstract": "false",
            "label": "Entity Other Identification Type"
        },
        {
            "dataType": "xbrli:normalizedStringItemType",
            "type": "Concept",
            "localName": "ContactPersonnelName",
            "periodType": "duration",
            "isAbstract": "false",
            "label": "Contact Personnel Name"
        },
        {
            "dataType": "xbrli:stringItemType",
            "type": "Concept",
            "localName": "EntityListingsLineItems",
            "periodType": "duration",
            "isAbstract": "true",
            "label": "Entity Listings [Line Items]"
        },
        {
            "dataType": "dei:yesNoItemType",
            "type": "Concept",
            "localName": "EntityLocationPrimary",
            "periodType": "duration",
            "isAbstract": "false",
            "label": "Entity Location, Primary"
        },
        {
            "dataType": "xbrli:normalizedStringItemType",
            "type": "Concept",
            "localName": "EntityOtherIdentificationValue",
            "periodType": "duration",
            "isAbstract": "false",
            "label": "Entity Other Identification Value"
        },
        {
            "dataType": "nonnum:domainItemType",
            "type": "Concept",
            "localName": "OtherAddressMember",
            "periodType": "duration",
            "isAbstract": "true",
            "label": "Other Address [Member]"
        },
        {
            "dataType": "xbrli:stringItemType",
            "type": "Concept",
            "localName": "EntitiesTable",
            "periodType": "duration",
            "isAbstract": "true",
            "label": "Entities [Table]"
        },
        {
            "dataType": "nonnum:domainItemType",
            "type": "Concept",
            "localName": "AccountingContactMember",
            "periodType": "duration",
            "isAbstract": "true",
            "label": "Accounting Contact [Member]"
        },
        {
            "dataType": "xbrli:decimalItemType",
            "type": "Concept",
            "localName": "EntityNumberOfEmployees",
            "periodType": "instant",
            "isAbstract": "false",
            "label": "Entity Number of Employees"
        },
        {
            "dataType": "xbrli:stringItemType",
            "type": "Concept",
            "localName": "EntityPhoneFaxNumbersLineItems",
            "periodType": "duration",
            "isAbstract": "true",
            "label": "Entity Phone Fax Numbers [Line Items]"
        },
        {
            "dataType": "xbrli:stringItemType",
            "type": "Concept",
            "localName": "UTR",
            "periodType": "duration",
            "isAbstract": "true",
            "label": "UTR"
        },
        {
            "dataType": "nonnum:domainItemType",
            "type": "Concept",
            "localName": "LegalContactMember",
            "periodType": "duration",
            "isAbstract": "true",
            "label": "Legal Contact [Member]"
        },
        {
            "dataType": "xbrli:normalizedStringItemType",
            "type": "Concept",
            "localName": "ContainedFileInformationFileName",
            "periodType": "duration",
            "isAbstract": "false",
            "label": "Contained File Information, File Name"
        },
        {
            "dataType": "nonnum:domainItemType",
            "type": "Concept",
            "localName": "ContactAddressMember",
            "periodType": "duration",
            "isAbstract": "true",
            "label": "Contact Address [Member]"
        },
        {
            "dataType": "dei:yesNoItemType",
            "type": "Concept",
            "localName": "EntityNorthAmericanIndustryClassificationPrimary",
            "periodType": "duration",
            "isAbstract": "false",
            "label": "Entity North American Industry Classification, Primary"
        },
        {
            "dataType": "xbrli:stringItemType",
            "type": "Concept",
            "localName": "EntityLocationTable",
            "periodType": "duration",
            "isAbstract": "true",
            "label": "Entity Location [Table]"
        },
        {
            "dataType": "xbrli:stringItemType",
            "type": "Concept",
            "localName": "EntitySectorIndustryClassificationsSectorAxis",
            "periodType": "duration",
            "isAbstract": "true",
            "label": "Entity Sector Industry Classifications, Sector [Axis]"
        },
        {
            "dataType": "nonnum:domainItemType",
            "type": "Concept",
            "localName": "AccountingFaxMember",
            "periodType": "duration",
            "isAbstract": "true",
            "label": "Accounting Fax [Member]"
        },
        {
            "type": "Type",
            "label": "filerCategoryItemType",
            "localName": "filerCategoryItemType"
        },
        {
            "dataType": "xbrli:stringItemType",
            "type": "Concept",
            "localName": "EntityByLocationAxis",
            "periodType": "duration",
            "isAbstract": "true",
            "label": "Entity by Location [Axis]"
        },
        {
            "dataType": "num:perShareItemType",
            "type": "Concept",
            "localName": "EntityListingParValuePerShare",
            "periodType": "duration",
            "isAbstract": "false",
            "label": "Entity Listing, Par Value Per Share"
        },
        {
            "dataType": "xbrli:stringItemType",
            "type": "Concept",
            "localName": "EntityAddressesLineItems",
            "periodType": "duration",
            "isAbstract": "true",
            "label": "Entity Addresses [Line Items]"
        },
        {
            "type": "Type",
            "label": "nineDigitItemType",
            "localName": "nineDigitItemType"
        },
        {
            "dataType": "xbrli:normalizedStringItemType",
            "type": "Concept",
            "localName": "EntityAddressCountry",
            "periodType": "duration",
            "isAbstract": "false",
            "label": "Entity Address, Country"
        },
        {
            "dataType": "xbrli:stringItemType",
            "type": "Concept",
            "localName": "DocumentCopyrightInformation",
            "periodType": "duration",
            "isAbstract": "false",
            "label": "Document Copyright Information"
        },
        {
            "dataType": "dei:yesNoItemType",
            "type": "Concept",
            "localName": "EntitySectorIndustryClassificationPrimary",
            "periodType": "duration",
            "isAbstract": "false",
            "label": "Entity Sector Industry Classification, Primary"
        },
        {
            "dataType": "xbrli:sharesItemType",
            "type": "Concept",
            "localName": "EntityCommonStockSharesOutstanding",
            "periodType": "instant",
            "isAbstract": "false",
            "label": "Entity Common Stock, Shares Outstanding"
        },
        {
            "dataType": "xbrli:stringItemType",
            "type": "Concept",
            "localName": "EntityLocationLineItems",
            "periodType": "duration",
            "isAbstract": "true",
            "label": "Entity Location [Line Items]"
        },
        {
            "dataType": "nonnum:domainItemType",
            "type": "Concept",
            "localName": "InvestorRelationsPhoneMember",
            "periodType": "duration",
            "isAbstract": "true",
            "label": "Investor Relations Phone [Member]"
        },
        {
            "type": "Type",
            "label": "currencyItemType",
            "localName": "currencyItemType"
        },
        {
            "dataType": "nonnum:domainItemType",
            "type": "Concept",
            "localName": "DocumentDomain",
            "periodType": "duration",
            "isAbstract": "true",
            "label": "Document [Domain]"
        },
        {
            "dataType": "xbrli:monetaryItemType",
            "type": "Concept",
            "localName": "EntityPublicFloat",
            "periodType": "instant",
            "isAbstract": "false",
            "balanceType": "credit",
            "label": "Entity Public Float"
        },
        {
            "dataType": "dei:countryItemType",
            "type": "Concept",
            "localName": "EntityHomeCountryISOCode",
            "periodType": "duration",
            "isAbstract": "false",
            "label": "Entity Home Country ISO Code"
        },
        {
            "dataType": "nonnum:domainItemType",
            "type": "Concept",
            "localName": "NAICSDomain",
            "periodType": "duration",
            "isAbstract": "true",
            "label": "NAICS [Domain]"
        },
        {
            "dataType": "nonnum:domainItemType",
            "type": "Concept",
            "localName": "AccountingAddressMember",
            "periodType": "duration",
            "isAbstract": "true",
            "label": "Accounting Address [Member]"
        },
        {
            "dataType": "nonnum:domainItemType",
            "type": "Concept",
            "localName": "DocumentContactMember",
            "periodType": "duration",
            "isAbstract": "true",
            "label": "Document Contact [Member]"
        },
        {
            "dataType": "xbrli:stringItemType",
            "type": "Concept",
            "localName": "PhoneFaxNumberDescription",
            "periodType": "duration",
            "isAbstract": "false",
            "label": "Phone Fax Number Description"
        },
        {
            "dataType": "nonnum:domainItemType",
            "type": "Concept",
            "localName": "SectorDomain",
            "periodType": "duration",
            "isAbstract": "true",
            "label": "Sector [Domain]"
        },
        {
            "type": "Type",
            "label": "fiscalPeriodItemType",
            "localName": "fiscalPeriodItemType"
        },
        {
            "dataType": "xbrli:normalizedStringItemType",
            "type": "Concept",
            "localName": "ContainedFileInformationFileType",
            "periodType": "duration",
            "isAbstract": "false",
            "label": "Contained File Information, File Type"
        },
        {
            "dataType": "dei:yesNoItemType",
            "type": "Concept",
            "localName": "EntityVoluntaryFilers",
            "periodType": "duration",
            "isAbstract": "false",
            "label": "Entity Voluntary Filers"
        },
        {
            "dataType": "nonnum:domainItemType",
            "type": "Concept",
            "localName": "ContactPhoneMember",
            "periodType": "duration",
            "isAbstract": "true",
            "label": "Contact Phone [Member]"
        },
        {
            "dataType": "xbrli:dateItemType",
            "type": "Concept",
            "localName": "DocumentCreationDate",
            "periodType": "duration",
            "isAbstract": "false",
            "label": "Document Creation Date"
        },
        {
            "dataType": "xbrli:normalizedStringItemType",
            "type": "Concept",
            "localName": "DocumentSynopsis",
            "periodType": "duration",
            "isAbstract": "false",
            "label": "Document Synopsis"
        },
        {
            "dataType": "nonnum:domainItemType",
            "type": "Concept",
            "localName": "AddressTypeDomain",
            "periodType": "duration",
            "isAbstract": "true",
            "label": "Address Type [Domain]"
        },
        {
            "dataType": "xbrli:normalizedStringItemType",
            "type": "Concept",
            "localName": "Extension",
            "periodType": "duration",
            "isAbstract": "false",
            "label": "Extension"
        },
        {
            "dataType": "xbrli:normalizedStringItemType",
            "type": "Concept",
            "localName": "PreEffectiveAmendmentNumber",
            "periodType": "duration",
            "isAbstract": "false",
            "label": "Pre-Effective Amendment Number"
        },
        {
            "dataType": "xbrli:stringItemType",
            "type": "Concept",
            "localName": "EntityAddressesAddressTypeAxis",
            "periodType": "duration",
            "isAbstract": "true",
            "label": "Entity Addresses, Address Type [Axis]"
        },
        {
            "dataType": "xbrli:stringItemType",
            "type": "Concept",
            "localName": "ParentEntityLegalName",
            "periodType": "duration",
            "isAbstract": "false",
            "label": "Parent Entity Legal Name"
        },
        {
            "type": "Type",
            "label": "countryItemType",
            "localName": "countryItemType"
        },
        {
            "dataType": "xbrli:normalizedStringItemType",
            "type": "Concept",
            "localName": "EntityAddressCityOrTown",
            "periodType": "duration",
            "isAbstract": "false",
            "label": "Entity Address, City or Town"
        },
        {
            "dataType": "nonnum:domainItemType",
            "type": "Concept",
            "localName": "GeneralFaxMember",
            "periodType": "duration",
            "isAbstract": "true",
            "label": "General Fax [Member]"
        },
        {
            "dataType": "xbrli:gMonthDayItemType",
            "type": "Concept",
            "localName": "FormerFiscalYearEndDate",
            "periodType": "duration",
            "isAbstract": "false",
            "label": "Former Fiscal Year End Date"
        },
        {
            "dataType": "xbrli:normalizedStringItemType",
            "type": "Concept",
            "localName": "EntityInformationFormerLegalOrRegisteredName",
            "periodType": "duration",
            "isAbstract": "false",
            "label": "Entity Information, Former Legal or Registered Name"
        },
        {
            "dataType": "xbrli:anyURIItemType",
            "type": "Concept",
            "localName": "ContactPersonnelUniformResourceLocatorURL",
            "periodType": "duration",
            "isAbstract": "false",
            "label": "Contact Personnel Uniform Resource Locator (URL)"
        },
        {
            "dataType": "xbrli:normalizedStringItemType",
            "type": "Concept",
            "localName": "EntityAddressAddressLine3",
            "periodType": "duration",
            "isAbstract": "false",
            "label": "Entity Address, Address Line Three"
        },
        {
            "dataType": "xbrli:stringItemType",
            "type": "Concept",
            "localName": "EntityListingsExchangeAxis",
            "periodType": "duration",
            "isAbstract": "true",
            "label": "Entity Listings, Exchange [Axis]"
        },
        {
            "type": "Type",
            "label": "centralIndexKeyItemType",
            "localName": "centralIndexKeyItemType"
        },
        {
            "dataType": "dei:yesNoItemType",
            "type": "Concept",
            "localName": "EntityListingForeign",
            "periodType": "duration",
            "isAbstract": "false",
            "label": "Entity Listing, Foreign"
        },
        {
            "dataType": "dei:centralIndexKeyItemType",
            "type": "Concept",
            "localName": "EntityCentralIndexKey",
            "periodType": "duration",
            "isAbstract": "false",
            "label": "Entity Central Index Key"
        },
        {
            "dataType": "xbrli:stringItemType",
            "type": "Concept",
            "localName": "EntityListingDescription",
            "periodType": "duration",
            "isAbstract": "false",
            "label": "Entity Listing, Description"
        },
        {
            "dataType": "xbrli:normalizedStringItemType",
            "type": "Concept",
            "localName": "DocumentSubtitle",
            "periodType": "duration",
            "isAbstract": "false",
            "label": "Document Subtitle"
        },
        {
            "dataType": "xbrli:dateItemType",
            "type": "Concept",
            "localName": "DocumentEffectiveDate",
            "periodType": "duration",
            "isAbstract": "false",
            "label": "Document Effective Date"
        },
        {
            "dataType": "xbrli:stringItemType",
            "type": "Concept",
            "localName": "DocumentInformationDocumentAxis",
            "periodType": "duration",
            "isAbstract": "true",
            "label": "Document Information, Document [Axis]"
        },
        {
            "dataType": "dei:yesNoItemType",
            "type": "Concept",
            "localName": "EntityCurrentReportingStatus",
            "periodType": "duration",
            "isAbstract": "false",
            "label": "Entity Current Reporting Status"
        },
        {
            "dataType": "dei:submissionTypeItemType",
            "type": "Concept",
            "localName": "DocumentType",
            "periodType": "duration",
            "isAbstract": "false",
            "label": "Document Type"
        },
        {
            "type": "Type",
            "label": "legalEntityIdentifierItemType",
            "localName": "legalEntityIdentifierItemType"
        },
        {
            "dataType": "xbrli:dateItemType",
            "type": "Concept",
            "localName": "DocumentPeriodStartDate",
            "periodType": "duration",
            "isAbstract": "false",
            "label": "Document Period Start Date"
        },
        {
            "dataType": "xbrli:stringItemType",
            "type": "Concept",
            "localName": "EntityContactPersonnelContactPersonTypeAxis",
            "periodType": "duration",
            "isAbstract": "true",
            "label": "Entity Contact Personnel, Contact Person Type [Axis]"
        },
        {
            "dataType": "xbrli:stringItemType",
            "type": "Concept",
            "localName": "DocumentInformationTable",
            "periodType": "duration",
            "isAbstract": "true",
            "label": "Document Information [Table]"
        },
        {
            "dataType": "nonnum:domainItemType",
            "type": "Concept",
            "localName": "ContactPersonTypeDomain",
            "periodType": "duration",
            "isAbstract": "true",
            "label": "Contact Person Type [Domain]"
        },
        {
            "dataType": "nonnum:domainItemType",
            "type": "Concept",
            "localName": "PhoneFaxNumberTypeDomain",
            "periodType": "duration",
            "isAbstract": "true",
            "label": "Phone Fax Number Type [Domain]"
        },
        {
            "dataType": "nonnum:domainItemType",
            "type": "Concept",
            "localName": "InvestorRelationsFaxMember",
            "periodType": "duration",
            "isAbstract": "true",
            "label": "Investor Relations Fax [Member]"
        },
        {
            "dataType": "nonnum:textBlockItemType",
            "type": "Concept",
            "localName": "EntityTextBlock",
            "periodType": "duration",
            "isAbstract": "false",
            "label": "Entity [Text Block]"
        },
        {
            "dataType": "nonnum:domainItemType",
            "type": "Concept",
            "localName": "LegalFaxMember",
            "periodType": "duration",
            "isAbstract": "true",
            "label": "Legal Fax [Member]"
        },
        {
            "dataType": "xbrli:normalizedStringItemType",
            "type": "Concept",
            "localName": "ContainedFileInformationFileNumber",
            "periodType": "duration",
            "isAbstract": "false",
            "label": "Contained File Information, File Number"
        },
        {
            "dataType": "nonnum:domainItemType",
            "type": "Concept",
            "localName": "InstrumentDomain",
            "periodType": "duration",
            "isAbstract": "true",
            "label": "Instrument [Domain]"
        },
        {
            "dataType": "xbrli:dateItemType",
            "type": "Concept",
            "localName": "DocumentPeriodEndDate",
            "periodType": "duration",
            "isAbstract": "false",
            "label": "Document Period End Date"
        },
        {
            "dataType": "xbrli:normalizedStringItemType",
            "type": "Concept",
            "localName": "CityAreaCode",
            "periodType": "duration",
            "isAbstract": "false",
            "label": "City Area Code"
        },
        {
            "dataType": "xbrli:stringItemType",
            "type": "Concept",
            "localName": "EntityAddressesTable",
            "periodType": "duration",
            "isAbstract": "true",
            "label": "Entity Addresses [Table]"
        },
        {
            "dataType": "xbrli:stringItemType",
            "type": "Concept",
            "localName": "EntityNorthAmericanIndustryClassificationsIndustryAxis",
            "periodType": "duration",
            "isAbstract": "true",
            "label": "Entity North American Industry Classifications, Industry [Axis]"
        },
        {
            "dataType": "xbrli:normalizedStringItemType",
            "type": "Concept",
            "localName": "EntityAddressRegion",
            "periodType": "duration",
            "isAbstract": "false",
            "label": "Entity Address, Region"
        },
        {
            "dataType": "dei:fiscalPeriodItemType",
            "type": "Concept",
            "localName": "DocumentFiscalPeriodFocus",
            "periodType": "duration",
            "isAbstract": "false",
            "label": "Document Fiscal Period Focus"
        },
        {
            "dataType": "xbrli:normalizedStringItemType",
            "type": "Concept",
            "localName": "PostEffectiveAmendmentNumber",
            "periodType": "duration",
            "isAbstract": "false",
            "label": "Post-Effective Amendment Number"
        },
        {
            "dataType": "xbrli:stringItemType",
            "type": "Concept",
            "localName": "EntityInformationLineItems",
            "periodType": "duration",
            "isAbstract": "true",
            "label": "Entity Information [Line Items]"
        },
        {
            "dataType": "nonnum:domainItemType",
            "type": "Concept",
            "localName": "EntityDomain",
            "periodType": "duration",
            "isAbstract": "true",
            "label": "Entity [Domain]"
        },
        {
            "dataType": "xbrli:booleanItemType",
            "type": "Concept",
            "localName": "AmendmentFlag",
            "periodType": "duration",
            "isAbstract": "false",
            "label": "Amendment Flag"
        },
        {
            "dataType": "nonnum:domainItemType",
            "type": "Concept",
            "localName": "PrincipalAddressMember",
            "periodType": "duration",
            "isAbstract": "true",
            "label": "Principal Address [Member]"
        },
        {
            "dataType": "dei:yesNoItemType",
            "type": "Concept",
            "localName": "EntityWellKnownSeasonedIssuer",
            "periodType": "duration",
            "isAbstract": "false",
            "label": "Entity Well-known Seasoned Issuer"
        },
        {
            "dataType": "nonnum:domainItemType",
            "type": "Concept",
            "localName": "ContactFaxMember",
            "periodType": "duration",
            "isAbstract": "true",
            "label": "Contact Fax [Member]"
        },
        {
            "dataType": "nonnum:domainItemType",
            "type": "Concept",
            "localName": "MailingAddressMember",
            "periodType": "duration",
            "isAbstract": "true",
            "label": "Mailing Address [Member]"
        },
        {
            "dataType": "xbrli:stringItemType",
            "type": "Concept",
            "localName": "EntityNorthAmericanIndustryClassificationsLineItems",
            "periodType": "duration",
            "isAbstract": "true",
            "label": "Entity North American Industry Classifications [Line Items]"
        },
        {
            "dataType": "xbrli:normalizedStringItemType",
            "type": "Concept",
            "localName": "LocalPhoneNumber",
            "periodType": "duration",
            "isAbstract": "false",
            "label": "Local Phone Number"
        },
        {
            "dataType": "nonnum:domainItemType",
            "type": "Concept",
            "localName": "GeneralPhoneMember",
            "periodType": "duration",
            "isAbstract": "true",
            "label": "General Phone [Member]"
        },
        {
            "dataType": "dei:currencyItemType",
            "type": "Concept",
            "localName": "EntityReportingCurrencyISOCode",
            "periodType": "duration",
            "isAbstract": "false",
            "label": "Entity Reporting Currency ISO Code"
        },
        {
            "dataType": "xbrli:pureItemType",
            "type": "Concept",
            "localName": "EntityListingDepositoryReceiptRatio",
            "periodType": "instant",
            "isAbstract": "false",
            "label": "Entity Listing, Depository Receipt Ratio"
        },
        {
            "dataType": "xbrli:dateItemType",
            "type": "Concept",
            "localName": "ApproximateDateOfCommencementOfProposedSaleToThePublic",
            "periodType": "duration",
            "isAbstract": "false",
            "label": "Approximate Date of Commencement of Proposed Sale to Public"
        },
        {
            "dataType": "xbrli:stringItemType",
            "type": "Concept",
            "localName": "DocumentDescription",
            "periodType": "duration",
            "isAbstract": "false",
            "label": "Document Description"
        },
        {
            "dataType": "xbrli:stringItemType",
            "type": "Concept",
            "localName": "EntityListingSecurityTradingCurrency",
            "periodType": "duration",
            "isAbstract": "false",
            "label": "Entity Listing, Security Trading Currency"
        },
        {
            "dataType": "xbrli:normalizedStringItemType",
            "type": "Concept",
            "localName": "TradingSymbol",
            "periodType": "duration",
            "isAbstract": "false",
            "label": "Trading Symbol"
        },
        {
            "dataType": "xbrli:stringItemType",
            "type": "Concept",
            "localName": "EntityLegalForm",
            "periodType": "duration",
            "isAbstract": "false",
            "label": "Entity Legal Form"
        },
        {
            "dataType": "xbrli:normalizedStringItemType",
            "type": "Concept",
            "localName": "EntityRegistrantName",
            "periodType": "duration",
            "isAbstract": "false",
            "label": "Entity Registrant Name"
        },
        {
            "dataType": "xbrli:stringItemType",
            "type": "Concept",
            "localName": "EntityAccountingStandard",
            "periodType": "duration",
            "isAbstract": "false",
            "label": "Entity Accounting Standard"
        },
        {
            "dataType": "nonnum:domainItemType",
            "type": "Concept",
            "localName": "AccountingPhoneMember",
            "periodType": "duration",
            "isAbstract": "true",
            "label": "Accounting Phone [Member]"
        },
        {
            "dataType": "xbrli:dateItemType",
            "type": "Concept",
            "localName": "EntityIncorporationDateOfIncorporation",
            "periodType": "duration",
            "isAbstract": "false",
            "label": "Entity Incorporation, Date of Incorporation"
        },
        {
            "dataType": "xbrli:stringItemType",
            "type": "Concept",
            "localName": "DeprecatedItemsForDEI",
            "periodType": "duration",
            "isAbstract": "true",
            "label": "Deprecated Items for DEI [Abstract]"
        },
        {
            "dataType": "xbrli:stringItemType",
            "type": "Concept",
            "localName": "EntityContactPersonnelLineItems",
            "periodType": "duration",
            "isAbstract": "true",
            "label": "Entity Contact Personnel [Line Items]"
        },
        {
            "dataType": "dei:nineDigitItemType",
            "type": "Concept",
            "localName": "EntityDataUniversalNumberingSystemNumber",
            "periodType": "duration",
            "isAbstract": "false",
            "label": "Entity Data Universal Numbering System Number"
        }
    ]
}