{
    "http://fasb.org/dqcrules-0099/2025": [
        {
            "localName": "Dqc_0099",
            "type": "Concept",
            "label": "DQC.US.0099 [Abstract]",
            "isAbstract": "true",
            "dataType": "xbrli:stringItemType",
            "periodType": "duration"
        },
        {
            "localName": "Dqc_0099_FSWithNoAssociatedCalculation",
            "type": "Concept",
            "label": "DQC.US.0099.FS With No Associated Calculation [Abstract]",
            "isAbstract": "true",
            "dataType": "xbrli:stringItemType",
            "periodType": "duration"
        }
    ]
}