{
    "http://fasb.org/dqcrules-0052/2025": [
        {
            "localName": "Dqc_0052_MemberValues",
            "type": "Concept",
            "label": "DQC.US.0052.Member Values [Abstract]",
            "isAbstract": "true",
            "dataType": "xbrli:stringItemType",
            "periodType": "duration"
        },
        {
            "localName": "Dqc_0052",
            "type": "Concept",
            "label": "DQC.US.0052 [Abstract]",
            "isAbstract": "true",
            "dataType": "xbrli:stringItemType",
            "periodType": "duration"
        }
    ]
}