{
    "http://fasb.org/dqcrules-0112/2025": [
        {
            "localName": "Dqc_0112",
            "type": "Concept",
            "label": "DQC.US.0112 [Abstract]",
            "isAbstract": "true",
            "dataType": "xbrli:stringItemType",
            "periodType": "duration"
        },
        {
            "localName": "Dqc_0112_LineItemsRequiringTheBusinessAcquisitionAxis",
            "type": "Concept",
            "label": "DQC.US.0112.Line Items Requiring The Business Acquisition Axis [Abstract]",
            "isAbstract": "true",
            "dataType": "xbrli:stringItemType",
            "periodType": "duration"
        }
    ]
}