{
    "http://fasb.org/us-types/2025": [
        {
            "localName": "zoneStatusItemType",
            "type": "Type",
            "label": "zoneStatusItemType"
        },
        {
            "localName": "giltiPolicyType",
            "type": "Type",
            "label": "giltiPolicyType"
        },
        {
            "localName": "accruedInterestWriteOffMethodItemType",
            "type": "Type",
            "label": "accruedInterestWriteOffMethodItemType"
        },
        {
            "localName": "contractApplicationItemType",
            "type": "Type",
            "label": "contractApplicationItemType"
        },
        {
            "localName": "surchargeItemType",
            "type": "Type",
            "label": "surchargeItemType"
        },
        {
            "localName": "authorizedUnlimitedItemType",
            "type": "Type",
            "label": "authorizedUnlimitedItemType"
        },
        {
            "localName": "surchargeMethodGSIB",
            "type": "Type",
            "label": "surchargeMethodGSIB"
        },
        {
            "localName": "controlOfRightsItemType",
            "type": "Type",
            "label": "controlOfRightsItemType"
        },
        {
            "localName": "fundedStatusItemType",
            "type": "Type",
            "label": "fundedStatusItemType"
        },
        {
            "localName": "distributionsReceivedApproach",
            "type": "Type",
            "label": "distributionsReceivedApproach"
        },
        {
            "localName": "fundingImprovementAndRehabilitationPlanItemType",
            "type": "Type",
            "label": "fundingImprovementAndRehabilitationPlanItemType"
        },
        {
            "localName": "yesNoItemType",
            "type": "Type",
            "label": "yesNoItemType"
        },
        {
            "localName": "investmentPledgedItemType",
            "type": "Type",
            "label": "investmentPledgedItemType"
        },
        {
            "localName": "includedExcludedItemType",
            "type": "Type",
            "label": "includedExcludedItemType"
        },
        {
            "localName": "financialDesignationType",
            "type": "Type",
            "label": "financialDesignationType"
        },
        {
            "localName": "nineDigitItemType",
            "type": "Type",
            "label": "nineDigitItemType"
        },
        {
            "localName": "combinedComponentType",
            "type": "Type",
            "label": "combinedComponentType"
        },
        {
            "localName": "costBearerItemType",
            "type": "Type",
            "label": "costBearerItemType"
        },
        {
            "localName": "advertisingExpenseMethodItemType",
            "type": "Type",
            "label": "advertisingExpenseMethodItemType"
        },
        {
            "localName": "threeDigitItemType",
            "type": "Type",
            "label": "threeDigitItemType"
        },
        {
            "localName": "interestRateItemType",
            "type": "Type",
            "label": "interestRateItemType"
        },
        {
            "localName": "capitalizationPolicyType",
            "type": "Type",
            "label": "capitalizationPolicyType"
        },
        {
            "localName": "MalpracticeInsurance-OccurrenceOrClaims-madeItemType",
            "type": "Type",
            "label": "MalpracticeInsurance-OccurrenceOrClaims-madeItemType"
        },
        {
            "localName": "forfeitureMethod",
            "type": "Type",
            "label": "forfeitureMethod"
        }
    ]
}