{
    "http://www.xbrl.org/2003/iso4217": [
        {
            "type": "Unit",
            "localName": "ZMW",
            "label": "Zambian kwacha"
        },
        {
            "type": "Unit",
            "localName": "GIP",
            "label": "Gibraltar pound"
        },
        {
            "type": "Unit",
            "localName": "AZN",
            "label": "Azerbaijani manat"
        },
        {
            "type": "Unit",
            "localName": "QAR",
            "label": "Qatari rial"
        },
        {
            "type": "Unit",
            "localName": "UYI",
            "label": "Uruguay Peso en Unidades Indexadas"
        },
        {
            "type": "Unit",
            "localName": "VND",
            "label": "\u0111\u1ed3ng"
        },
        {
            "type": "Unit",
            "localName": "TZS",
            "label": "Tanzanian shilling"
        },
        {
            "type": "Unit",
            "localName": "XPT",
            "label": "Platinum"
        },
        {
            "type": "Unit",
            "localName": "HTG",
            "label": "Haitian gourde"
        },
        {
            "type": "Unit",
            "localName": "XSU",
            "label": "SUCRE"
        },
        {
            "type": "Unit",
            "localName": "DKK",
            "label": "Danish krone"
        },
        {
            "type": "Unit",
            "localName": "ALL",
            "label": "Albanian lek"
        },
        {
            "type": "Unit",
            "localName": "AOA",
            "label": "Angolan kwanza"
        },
        {
            "type": "Unit",
            "localName": "LRD",
            "label": "Liberian dollar"
        },
        {
            "type": "Unit",
            "localName": "KZT",
            "label": "Kazakhstani tenge"
        },
        {
            "type": "Unit",
            "localName": "GBP",
            "label": "Pound sterling"
        },
        {
            "type": "Unit",
            "localName": "NZD",
            "label": "New Zealand dollar"
        },
        {
            "type": "Unit",
            "localName": "CHE",
            "label": "WIR Bank"
        },
        {
            "type": "Unit",
            "localName": "BGN",
            "label": "Bulgarian lev"
        },
        {
            "type": "Unit",
            "localName": "IDR",
            "label": "Indonesian rupiah"
        },
        {
            "type": "Unit",
            "localName": "DJF",
            "label": "Djiboutian franc"
        },
        {
            "type": "Unit",
            "localName": "GTQ",
            "label": "Guatemalan quetzal"
        },
        {
            "type": "Unit",
            "localName": "LYD",
            "label": "Libyan dinar"
        },
        {
            "type": "Unit",
            "localName": "TRY",
            "label": "Turkish lira"
        },
        {
            "type": "Unit",
            "localName": "BSD",
            "label": "Bahamian dollar"
        },
        {
            "type": "Unit",
            "localName": "BTN",
            "label": "Bhutanese ngultrum"
        },
        {
            "type": "Unit",
            "localName": "STD",
            "label": "S\u00e3o Tom\u00e9 and Pr\u00edncipe dobra"
        },
        {
            "type": "Unit",
            "localName": "KPW",
            "label": "North Korean won"
        },
        {
            "type": "Unit",
            "localName": "TWD",
            "label": "New Taiwan dollar"
        },
        {
            "type": "Unit",
            "localName": "JMD",
            "label": "Jamaican dollar"
        },
        {
            "type": "Unit",
            "localName": "PAB",
            "label": "Panamanian balboa"
        },
        {
            "type": "Unit",
            "localName": "RUB",
            "label": "Rouble"
        },
        {
            "type": "Unit",
            "localName": "TOP",
            "label": "Pa'anga"
        },
        {
            "type": "Unit",
            "localName": "XBC",
            "label": "E.U.A.-9"
        },
        {
            "type": "Unit",
            "localName": "TJS",
            "label": "Tajikistani somoni"
        },
        {
            "type": "Unit",
            "localName": "AWG",
            "label": "Aruban florin"
        },
        {
            "type": "Unit",
            "localName": "RON",
            "label": "Romanian new leu"
        },
        {
            "type": "Unit",
            "localName": "EEK",
            "label": "Estonian kroon"
        },
        {
            "type": "Unit",
            "localName": "FKP",
            "label": "Falkland Islands pound"
        },
        {
            "type": "Unit",
            "localName": "MGA",
            "label": "Malagasy ariary"
        },
        {
            "type": "Unit",
            "localName": "IQD",
            "label": "Iraqi dinar"
        },
        {
            "type": "Unit",
            "localName": "BYN",
            "label": "Belarusian ruble"
        },
        {
            "type": "Unit",
            "localName": "UYU",
            "label": "Uruguayan peso"
        },
        {
            "type": "Unit",
            "localName": "SYP",
            "label": "Syrian pound"
        },
        {
            "type": "Unit",
            "localName": "SAR",
            "label": "Riyal"
        },
        {
            "type": "Unit",
            "localName": "MWK",
            "label": "Malawian kwacha"
        },
        {
            "type": "Unit",
            "localName": "MMK",
            "label": "Myanma kyat"
        },
        {
            "type": "Unit",
            "localName": "TMT",
            "label": "Turkmenistani manat"
        },
        {
            "type": "Unit",
            "localName": "NIO",
            "label": "Cordoba oro"
        },
        {
            "type": "Unit",
            "localName": "XOF",
            "label": "CFA Franc BCEAO"
        },
        {
            "type": "Unit",
            "localName": "SSP",
            "label": "South Sudanese pound"
        },
        {
            "type": "Unit",
            "localName": "MDL",
            "label": "Moldovan leu"
        },
        {
            "type": "Unit",
            "localName": "BWP",
            "label": "Botswana pula"
        },
        {
            "type": "Unit",
            "localName": "EUR",
            "label": "Euro"
        },
        {
            "type": "Unit",
            "localName": "GNF",
            "label": "Guinean franc"
        },
        {
            "type": "Unit",
            "localName": "VUV",
            "label": "Vanuatu vatu"
        },
        {
            "type": "Unit",
            "localName": "BND",
            "label": "Brunei dollar"
        },
        {
            "type": "Unit",
            "localName": "ISK",
            "label": "Icelandic kr\u00f3na"
        },
        {
            "type": "Unit",
            "localName": "XCD",
            "label": "East Caribbean dollar"
        },
        {
            "type": "Unit",
            "localName": "KMF",
            "label": "Comoro franc"
        },
        {
            "type": "Unit",
            "localName": "COP",
            "label": "Colombian peso"
        },
        {
            "type": "Unit",
            "localName": "MKD",
            "label": "Macedonian denar"
        },
        {
            "type": "Unit",
            "localName": "NPR",
            "label": "Nepalese rupee"
        },
        {
            "type": "Unit",
            "localName": "SDG",
            "label": "Sudanese pound"
        },
        {
            "type": "Unit",
            "localName": "LSL",
            "label": "Lesotho loti"
        },
        {
            "type": "Unit",
            "localName": "USS",
            "label": "Same Day US Dollar"
        },
        {
            "type": "Unit",
            "localName": "GEL",
            "label": "Georgian lari"
        },
        {
            "type": "Unit",
            "localName": "XAU",
            "label": "Gold"
        },
        {
            "type": "Unit",
            "localName": "XPF",
            "label": "CFP Franc"
        },
        {
            "type": "Unit",
            "localName": "SCR",
            "label": "Seychelles rupee"
        },
        {
            "type": "Unit",
            "localName": "ILS",
            "label": "Israeli new sheqel"
        },
        {
            "type": "Unit",
            "localName": "COU",
            "label": "Unidad de Valor Real"
        },
        {
            "type": "Unit",
            "localName": "INR",
            "label": "Indian rupee"
        },
        {
            "type": "Unit",
            "localName": "BZD",
            "label": "Belize dollar"
        },
        {
            "type": "Unit",
            "localName": "NGN",
            "label": "Nigerian naira"
        },
        {
            "type": "Unit",
            "localName": "PYG",
            "label": "Paraguayan guaran\u00ed"
        },
        {
            "type": "Unit",
            "localName": "BYR",
            "label": "Belarusian ruble"
        },
        {
            "type": "Unit",
            "localName": "PHP",
            "label": "Philippine peso"
        },
        {
            "type": "Unit",
            "localName": "SLL",
            "label": "Leone"
        },
        {
            "type": "Unit",
            "localName": "LTL",
            "label": "Lithuanian litas"
        },
        {
            "type": "Unit",
            "localName": "BIF",
            "label": "Burundian franc"
        },
        {
            "type": "Unit",
            "localName": "CUC",
            "label": "Cuban convertible peso"
        },
        {
            "type": "Unit",
            "localName": "BAM",
            "label": "Bosnia and Herzegovina convertible mark"
        },
        {
            "type": "Unit",
            "localName": "KHR",
            "label": "Cambodian riel"
        },
        {
            "type": "Unit",
            "localName": "BOV",
            "label": "Bolivian Mvdol"
        },
        {
            "type": "Unit",
            "localName": "THB",
            "label": "Baht"
        },
        {
            "type": "Unit",
            "localName": "USD",
            "label": "US Dollar"
        },
        {
            "type": "Unit",
            "localName": "ERN",
            "label": "Eritrean nakfa"
        },
        {
            "type": "Unit",
            "localName": "CHW",
            "label": "WIR Bank"
        },
        {
            "type": "Unit",
            "localName": "MOP",
            "label": "Macanese pataca"
        },
        {
            "type": "Unit",
            "localName": "MUR",
            "label": "Mauritian rupee"
        },
        {
            "type": "Unit",
            "localName": "USN",
            "label": "Next Day US Dollar"
        },
        {
            "type": "Unit",
            "localName": "CLF",
            "label": "Unidad de Fomento"
        },
        {
            "type": "Unit",
            "localName": "NOK",
            "label": "Norwegian krone"
        },
        {
            "type": "Unit",
            "localName": "KES",
            "label": "Kenyan shilling"
        },
        {
            "type": "Unit",
            "localName": "GMD",
            "label": "Gambian dalasi"
        },
        {
            "type": "Unit",
            "localName": "CHF",
            "label": "Swiss franc"
        },
        {
            "type": "Unit",
            "localName": "JOD",
            "label": "Jordanian dinar"
        },
        {
            "type": "Unit",
            "localName": "XAG",
            "label": "Silver"
        },
        {
            "type": "Unit",
            "localName": "XUA",
            "label": "ADB Unit of Account"
        },
        {
            "type": "Unit",
            "localName": "MYR",
            "label": "Malaysian ringgit"
        },
        {
            "type": "Unit",
            "localName": "VEB",
            "label": "Venezualan Bolivar"
        },
        {
            "type": "Unit",
            "localName": "ETB",
            "label": "Ethiopian birr"
        },
        {
            "type": "Unit",
            "localName": "HUF",
            "label": "Hungarian forint"
        },
        {
            "type": "Unit",
            "localName": "RSD",
            "label": "Serbian dinar"
        },
        {
            "type": "Unit",
            "localName": "SGD",
            "label": "Singapore dollar"
        },
        {
            "type": "Unit",
            "localName": "MNT",
            "label": "Mongolian tugrik"
        },
        {
            "type": "Unit",
            "localName": "TTD",
            "label": "Trinidad and Tobago dollar"
        },
        {
            "type": "Unit",
            "localName": "CNY",
            "label": "Chinese yuan"
        },
        {
            "type": "Unit",
            "localName": "AFN",
            "label": "Afghan afghani"
        },
        {
            "type": "Unit",
            "localName": "KGS",
            "label": "Kyrgyzstani som"
        },
        {
            "type": "Unit",
            "localName": "AUD",
            "label": "Australian dollar"
        },
        {
            "type": "Unit",
            "localName": "TND",
            "label": "Tunisian dinar"
        },
        {
            "type": "Unit",
            "localName": "PKR",
            "label": "Pakistani rupee"
        },
        {
            "type": "Unit",
            "localName": "GHS",
            "label": "Ghanaian cedi"
        },
        {
            "type": "Unit",
            "localName": "MZN",
            "label": "Mozambican metical"
        },
        {
            "type": "Unit",
            "localName": "SOS",
            "label": "Somali shilling"
        },
        {
            "type": "Unit",
            "localName": "LAK",
            "label": "Lao kip"
        },
        {
            "type": "Unit",
            "localName": "CUP",
            "label": "Cuban peso"
        },
        {
            "type": "Unit",
            "localName": "BRL",
            "label": "Brazilian real"
        },
        {
            "type": "Unit",
            "localName": "OMR",
            "label": "Omani rial"
        },
        {
            "type": "Unit",
            "localName": "ZMK",
            "label": "Zambian kwacha"
        },
        {
            "type": "Unit",
            "localName": "SHP",
            "label": "Saint Helena pound"
        },
        {
            "type": "Unit",
            "localName": "XDR",
            "label": "Special Drawing Rights"
        },
        {
            "type": "Unit",
            "localName": "XAF",
            "label": "CFA Franc BEAC"
        },
        {
            "type": "Unit",
            "localName": "SBD",
            "label": "Solomon Islands dollar"
        },
        {
            "type": "Unit",
            "localName": "CDF",
            "label": "Congolese franc"
        },
        {
            "type": "Unit",
            "localName": "SRD",
            "label": "Surinamese dollar"
        },
        {
            "type": "Unit",
            "localName": "CVE",
            "label": "Cape Verde escudo"
        },
        {
            "type": "Unit",
            "localName": "DZD",
            "label": "Algerian dinar"
        },
        {
            "type": "Unit",
            "localName": "IRR",
            "label": "Iranian rial"
        },
        {
            "type": "Unit",
            "localName": "ZWL",
            "label": "Zimbabwe dollar"
        },
        {
            "type": "Unit",
            "localName": "UGX",
            "label": "Ugandan shilling"
        },
        {
            "type": "Unit",
            "localName": "WST",
            "label": "Samoan tala"
        },
        {
            "type": "Unit",
            "localName": "LKR",
            "label": "Sri Lanka rupee"
        },
        {
            "type": "Unit",
            "localName": "MRO",
            "label": "Mauritanian ouguiya"
        },
        {
            "type": "Unit",
            "localName": "DOP",
            "label": "Dominican peso"
        },
        {
            "type": "Unit",
            "localName": "BOB",
            "label": "Boliviano"
        },
        {
            "type": "Unit",
            "localName": "NAD",
            "label": "Namibian dollar"
        },
        {
            "type": "Unit",
            "localName": "XBD",
            "label": "E.U.A.-17"
        },
        {
            "type": "Unit",
            "localName": "MVR",
            "label": "Maldivian rufiyaa"
        },
        {
            "type": "Unit",
            "localName": "BMD",
            "label": "Bermuda Dollar"
        },
        {
            "type": "Unit",
            "localName": "JPY",
            "label": "Japanese yen"
        },
        {
            "type": "Unit",
            "localName": "XPD",
            "label": "Palladium"
        },
        {
            "type": "Unit",
            "localName": "BHD",
            "label": "Bahraini dinar"
        },
        {
            "type": "Unit",
            "localName": "ARS",
            "label": "Argentine peso"
        },
        {
            "type": "Unit",
            "localName": "XBB",
            "label": "E.M.U.-6"
        },
        {
            "type": "Unit",
            "localName": "AMD",
            "label": "Armenian dram"
        },
        {
            "type": "Unit",
            "localName": "HRK",
            "label": "Croatian kuna"
        },
        {
            "type": "Unit",
            "localName": "MXN",
            "label": "Mexican peso"
        },
        {
            "type": "Unit",
            "localName": "XBA",
            "label": "EURCO"
        },
        {
            "type": "Unit",
            "localName": "ZAR",
            "label": "South African rand"
        },
        {
            "type": "Unit",
            "localName": "CRC",
            "label": "Costa Rican colon"
        },
        {
            "type": "Unit",
            "localName": "KYD",
            "label": "Cayman Islands dollar"
        },
        {
            "type": "Unit",
            "localName": "YER",
            "label": "Yemeni rial"
        },
        {
            "type": "Unit",
            "localName": "VEF",
            "label": "Venezuelan Bolivar Fuerte"
        },
        {
            "type": "Unit",
            "localName": "CLP",
            "label": "Chilean peso"
        },
        {
            "type": "Unit",
            "localName": "HKD",
            "label": "Hong Kong dollar"
        },
        {
            "type": "Unit",
            "localName": "BDT",
            "label": "Bangladeshi taka"
        },
        {
            "type": "Unit",
            "localName": "AED",
            "label": "U.A.E. dirham"
        },
        {
            "type": "Unit",
            "localName": "GYD",
            "label": "Guyanese dollar"
        },
        {
            "type": "Unit",
            "localName": "CAD",
            "label": "Canadian dollar"
        },
        {
            "type": "Unit",
            "localName": "KRW",
            "label": "South Korean won"
        },
        {
            "type": "Unit",
            "localName": "SVC",
            "label": "Salvadoran col\u00f3n"
        },
        {
            "type": "Unit",
            "localName": "MXV",
            "label": "Mexican UDI"
        },
        {
            "type": "Unit",
            "localName": "PLN",
            "label": "Polish z\u0142oty"
        },
        {
            "type": "Unit",
            "localName": "PEN",
            "label": "Peruvian nuevo sol"
        },
        {
            "type": "Unit",
            "localName": "RWF",
            "label": "Rwandan franc"
        },
        {
            "type": "Unit",
            "localName": "UZS",
            "label": "Som"
        },
        {
            "type": "Unit",
            "localName": "SZL",
            "label": "Lilangeni"
        },
        {
            "type": "Unit",
            "localName": "UAH",
            "label": "Hryvnia"
        },
        {
            "type": "Unit",
            "localName": "HNL",
            "label": "Honduran lempira"
        },
        {
            "type": "Unit",
            "localName": "LVL",
            "label": "Latvian lats"
        },
        {
            "type": "Unit",
            "localName": "XFU",
            "label": "UIC Franc"
        },
        {
            "type": "Unit",
            "localName": "KWD",
            "label": "Kuwaiti dinar"
        },
        {
            "type": "Unit",
            "localName": "MAD",
            "label": "Moroccan dirham"
        },
        {
            "type": "Unit",
            "localName": "PGK",
            "label": "Papua New Guinean kina"
        },
        {
            "type": "Unit",
            "localName": "EGP",
            "label": "Egyptian pound"
        },
        {
            "type": "Unit",
            "localName": "FJD",
            "label": "Fiji dollar"
        },
        {
            "type": "Unit",
            "localName": "SEK",
            "label": "Swedish krona"
        },
        {
            "type": "Unit",
            "localName": "LBP",
            "label": "Lebanese pound"
        },
        {
            "type": "Unit",
            "localName": "BBD",
            "label": "Barbados dollar"
        },
        {
            "type": "Unit",
            "localName": "CZK",
            "label": "Czech koruna"
        },
        {
            "type": "Unit",
            "localName": "ANG",
            "label": "Netherlands Antillean guilder"
        }
    ]
}