{
    "http://www.xbrl.org/2003/instance": [
        {
            "type": "Type",
            "localName": "gMonthDayItemType",
            "label": "gMonthDayItemType"
        },
        {
            "type": "Type",
            "localName": "booleanItemType",
            "label": "booleanItemType"
        },
        {
            "type": "Type",
            "localName": "gMonthItemType",
            "label": "gMonthItemType"
        },
        {
            "type": "Type",
            "localName": "unsignedByteItemType",
            "label": "unsignedByteItemType"
        },
        {
            "type": "Type",
            "localName": "NameItemType",
            "label": "NameItemType"
        },
        {
            "type": "Type",
            "localName": "tokenItemType",
            "label": "tokenItemType"
        },
        {
            "type": "Type",
            "localName": "gYearMonthItemType",
            "label": "gYearMonthItemType"
        },
        {
            "type": "Type",
            "localName": "normalizedStringItemType",
            "label": "normalizedStringItemType"
        },
        {
            "type": "Type",
            "localName": "base64BinaryItemType",
            "label": "base64BinaryItemType"
        },
        {
            "type": "Type",
            "localName": "byteItemType",
            "label": "byteItemType"
        },
        {
            "type": "Type",
            "localName": "unsignedShortItemType",
            "label": "unsignedShortItemType"
        },
        {
            "type": "Type",
            "localName": "pureItemType",
            "label": "pureItemType"
        },
        {
            "type": "Type",
            "localName": "shortItemType",
            "label": "shortItemType"
        },
        {
            "type": "Type",
            "localName": "languageItemType",
            "label": "languageItemType"
        },
        {
            "type": "Type",
            "localName": "QNameItemType",
            "label": "QNameItemType"
        },
        {
            "type": "Type",
            "localName": "dateItemType",
            "label": "dateItemType"
        },
        {
            "type": "Type",
            "localName": "floatItemType",
            "label": "floatItemType"
        },
        {
            "type": "Unit",
            "localName": "pure",
            "label": "pure"
        },
        {
            "type": "Type",
            "localName": "fractionItemType",
            "label": "fractionItemType"
        },
        {
            "type": "Type",
            "localName": "durationItemType",
            "label": "durationItemType"
        },
        {
            "type": "Type",
            "localName": "unsignedLongItemType",
            "label": "unsignedLongItemType"
        },
        {
            "type": "Concept",
            "localName": "item",
            "label": "xbrli:item",
            "isAbstract": "true",
            "dataType": "anyType"
        },
        {
            "type": "Type",
            "localName": "positiveIntegerItemType",
            "label": "positiveIntegerItemType"
        },
        {
            "type": "Type",
            "localName": "dateTimeItemType",
            "label": "dateTimeItemType"
        },
        {
            "type": "Type",
            "localName": "doubleItemType",
            "label": "doubleItemType"
        },
        {
            "type": "Type",
            "localName": "decimalItemType",
            "label": "decimalItemType"
        },
        {
            "type": "Type",
            "localName": "NCNameItemType",
            "label": "NCNameItemType"
        },
        {
            "type": "Type",
            "localName": "sharesItemType",
            "label": "sharesItemType"
        },
        {
            "type": "Type",
            "localName": "timeItemType",
            "label": "timeItemType"
        },
        {
            "type": "Type",
            "localName": "anyURIItemType",
            "label": "anyURIItemType"
        },
        {
            "type": "Concept",
            "localName": "tuple",
            "label": "xbrli:tuple",
            "isAbstract": "true",
            "dataType": "anyType"
        },
        {
            "type": "Type",
            "localName": "hexBinaryItemType",
            "label": "hexBinaryItemType"
        },
        {
            "type": "Type",
            "localName": "gYearItemType",
            "label": "gYearItemType"
        },
        {
            "type": "Type",
            "localName": "nonNegativeIntegerItemType",
            "label": "nonNegativeIntegerItemType"
        },
        {
            "type": "Type",
            "localName": "unsignedIntItemType",
            "label": "unsignedIntItemType"
        },
        {
            "type": "Type",
            "localName": "gDayItemType",
            "label": "gDayItemType"
        },
        {
            "type": "Type",
            "localName": "monetaryItemType",
            "label": "monetaryItemType"
        },
        {
            "type": "Type",
            "localName": "longItemType",
            "label": "longItemType"
        },
        {
            "type": "Type",
            "localName": "negativeIntegerItemType",
            "label": "negativeIntegerItemType"
        },
        {
            "type": "Type",
            "localName": "nonPositiveIntegerItemType",
            "label": "nonPositiveIntegerItemType"
        },
        {
            "type": "Type",
            "localName": "intItemType",
            "label": "intItemType"
        },
        {
            "type": "Type",
            "localName": "integerItemType",
            "label": "integerItemType"
        },
        {
            "type": "Unit",
            "localName": "shares",
            "label": "Share"
        },
        {
            "type": "Type",
            "localName": "stringItemType",
            "label": "stringItemType"
        }
    ]
}