{
    "http://xbrl.org/2005/xbrldt": [
        {
            "type": "Concept",
            "periodType": "duration",
            "isAbstract": "true",
            "dataType": "xbrli:stringItemType",
            "localName": "dimensionItem",
            "label": "xbrldt:dimensionItem"
        },
        {
            "type": "Concept",
            "periodType": "duration",
            "isAbstract": "true",
            "dataType": "xbrli:stringItemType",
            "localName": "hypercubeItem",
            "label": "xbrldt:hypercubeItem"
        }
    ]
}